Project name,Status,Completion,Owner,Dates,Priority,Blocked By,Tasks,Is Blocking
3 - May 29 - June 12,Done,1,,,,,"Notifications  (Tasks%203cedf6b06b594c01bf3f3aa538d60459/Notifications%20e774c74366d24952a6cc2db0e77e5460.csv), List of Contests Created (Tasks%203cedf6b06b594c01bf3f3aa538d60459/List%20of%20Contests%20Created%20ed9b54ab15804008ba44e9735f66d528.csv), List of Contests a part of (Tasks%203cedf6b06b594c01bf3f3aa538d60459/List%20of%20Contests%20a%20part%20of%20a4739b1173814031a498b64cdda025e0.csv), Join/Request a Contest (Tasks%203cedf6b06b594c01bf3f3aa538d60459/Join%20Request%20a%20Contest%2077643b3b974d48b58518a46b8b3cabce.csv), Accept an invitation (Tasks%203cedf6b06b594c01bf3f3aa538d60459/Accept%20an%20invitation%202a2792e8003a476eaa53c45a74686d64.csv), Pending requests (Tasks%203cedf6b06b594c01bf3f3aa538d60459/Pending%20requests%2082eb5e632ce440f497d3df88435eddca.csv), Fix Date Format (Tasks%203cedf6b06b594c01bf3f3aa538d60459/Fix%20Date%20Format%20bfaa93d408334f2984958b0644f804e6.csv)",
2 - May 15 - May 29,Done,1,,,,,"Profile (Tasks%203cedf6b06b594c01bf3f3aa538d60459/Profile%20397b5d0556654250b757eb74b5e37b0d.csv), Create Contest (Tasks%203cedf6b06b594c01bf3f3aa538d60459/Create%20Contest%203fe4e64654564da39db074d1a78d1a2e.csv), View Contest (Tasks%203cedf6b06b594c01bf3f3aa538d60459/View%20Contest%20cd246d1c7b46459a9545ffb1337a45ef.csv), Search Contests (Tasks%203cedf6b06b594c01bf3f3aa538d60459/Search%20Contests%20a4aede6cb2744fbc8e314a80ac35f296.csv), Edit Profile Mode (Tasks%203cedf6b06b594c01bf3f3aa538d60459/Edit%20Profile%20Mode%20eda00cd8354e46febe56afa38a5a819b.csv), Leaderboard (Tasks%203cedf6b06b594c01bf3f3aa538d60459/Leaderboard%20dd7cda071f094c40980a4b0e8af5d6b3.csv), Title and Description (Tasks%203cedf6b06b594c01bf3f3aa538d60459/Title%20and%20Description%20e04dda42700f4bb085f057d0e2d3ada9.csv), Participant List (Tasks%203cedf6b06b594c01bf3f3aa538d60459/Participant%20List%207a004141a5964654b26ff1efa6d85e9f.csv), Available Mission List (Tasks%203cedf6b06b594c01bf3f3aa538d60459/Available%20Mission%20List%204c592e25ba204d57b52c3cb6dabd965d.csv), Core Page Layout (Tasks%203cedf6b06b594c01bf3f3aa538d60459/Core%20Page%20Layout%20c318aa803057494aa8148b619cf86965.csv), Header (Mobile) (Tasks%203cedf6b06b594c01bf3f3aa538d60459/Header%20(Mobile)%20373e4d8c290141d2b8254dddc1aa80fa.csv)",
1 - May 1 - May 14,Done,1,,"May 1, 2023 → May 14, 2023",,,"CSS Framework (Tasks%203cedf6b06b594c01bf3f3aa538d60459/CSS%20Framework%20d7fea4cbc3ea45fe846e7e88e4c7a4ae.csv), Header Bar (Tasks%203cedf6b06b594c01bf3f3aa538d60459/Header%20Bar%2005ad96bd39284ee7b285582db6d2dc21.csv), Determine flow map (Tasks%203cedf6b06b594c01bf3f3aa538d60459/Determine%20flow%20map%20551660e901aa4c6c9a424722413ddba7.csv), Create basic homepage header (Tasks%203cedf6b06b594c01bf3f3aa538d60459/Create%20basic%20homepage%20header%2095f48941fdc442bca59e4a6cf3abc512.csv), Layout Templates (Tasks%203cedf6b06b594c01bf3f3aa538d60459/Layout%20Templates%207207549239d543a281e303949a167bb4.csv), Choose a color theme and font (Tasks%203cedf6b06b594c01bf3f3aa538d60459/Choose%20a%20color%20theme%20and%20font%2096b239d1fa0f480f8f99be8dcb7f7725.csv), Common Design Principles (Tasks%203cedf6b06b594c01bf3f3aa538d60459/Common%20Design%20Principles%20448bba09049646649e4668cd5e78ac3b.csv), Sign Up Page (Tasks%203cedf6b06b594c01bf3f3aa538d60459/Sign%20Up%20Page%203c76ddedfbbf44239d880c2e7096b470.csv), Error Notifications (Tasks%203cedf6b06b594c01bf3f3aa538d60459/Error%20Notifications%20eea9048523524859b73abeead33d98e8.csv), Log In Page (Tasks%203cedf6b06b594c01bf3f3aa538d60459/Log%20In%20Page%20e9f66d2c46724280a655a6e6e160a592.csv), TS - Communication with Server (Tasks%203cedf6b06b594c01bf3f3aa538d60459/TS%20-%20Communication%20with%20Server%20e0fd49733fb64d078099c27b5a96f01a.csv), Log Out Page (Tasks%203cedf6b06b594c01bf3f3aa538d60459/Log%20Out%20Page%2087d55c81d57c4f63b820faaaff66fce1.csv)",
4 - June 12 - June 26,Done,1,,,,,"View Mission (Tasks%203cedf6b06b594c01bf3f3aa538d60459/View%20Mission%2014313f2b4d8e433abbc4000d4caf54fc.csv), View Missions List (Tasks%203cedf6b06b594c01bf3f3aa538d60459/View%20Missions%20List%2007669354bf094fadaf3d5d545ea91ac0.csv), Delete Contest (Tasks%203cedf6b06b594c01bf3f3aa538d60459/Delete%20Contest%20bb3d7db50e584e2a9475e759b693309e.csv), Create Mission (Tasks%203cedf6b06b594c01bf3f3aa538d60459/Create%20Mission%20b3164e74b47e4f00b12fca08fb1248cf.csv), Notification List (Tasks%203cedf6b06b594c01bf3f3aa538d60459/Notification%20List%20f81f069a37b94b6ca2454ba1cd56507d.csv), Check Score (Tasks%203cedf6b06b594c01bf3f3aa538d60459/Check%20Score%20988efb85276a47b6982502435f44b47c.csv), Submit Mission (Tasks%203cedf6b06b594c01bf3f3aa538d60459/Submit%20Mission%20917ddf2897b047a9b14616b72afd1374.csv), Fix Nav Menu Positioning (Tasks%203cedf6b06b594c01bf3f3aa538d60459/Fix%20Nav%20Menu%20Positioning%20461ac29ef3d048c8b196cc0a14f5c66e.csv)",
5 - June 26 - July 10,Planning,1,,,,,"Generated Header (Tasks%203cedf6b06b594c01bf3f3aa538d60459/Generated%20Header%208c1f5498413a4626a654a02df581a8c4.csv), Fix up Login/Signup Pages (Tasks%203cedf6b06b594c01bf3f3aa538d60459/Fix%20up%20Login%20Signup%20Pages%201e5131a866bb4658818da09726a76347.csv), Contest Leaderboard (Tasks%203cedf6b06b594c01bf3f3aa538d60459/Contest%20Leaderboard%200e680232e1e141b0909cf591f2e09f64.csv), Delete Mission (Tasks%203cedf6b06b594c01bf3f3aa538d60459/Delete%20Mission%206a5eadd869c14724a884e6fe2022b7f0.csv), Menu for Submit Mission (Text) (Tasks%203cedf6b06b594c01bf3f3aa538d60459/Menu%20for%20Submit%20Mission%20(Text)%209a4b22743c5b4d6881a8178616d70533.csv), Fix Mission Modal (Tasks%203cedf6b06b594c01bf3f3aa538d60459/Fix%20Mission%20Modal%2008b4405e86014d8d898419937ab13cce.csv), Fix Blue Highlight On Mobile (Tasks%203cedf6b06b594c01bf3f3aa538d60459/Fix%20Blue%20Highlight%20On%20Mobile%20fd89ff946c5544a9a62ffa02254caf98.csv), Fix Header Mat-Icon Shifting (Tasks%203cedf6b06b594c01bf3f3aa538d60459/Fix%20Header%20Mat-Icon%20Shifting%20bb387801143741158444cb8d683fab13.csv), (Archived) Logout (Tasks%203cedf6b06b594c01bf3f3aa538d60459/(Archived)%20Logout%2058b7af4b4eb84e05bb9adc702c28c4ba.csv), Invite Judge(s) to Contest (Tasks%203cedf6b06b594c01bf3f3aa538d60459/Invite%20Judge(s)%20to%20Contest%2011ba30f301d8487496201dfc62891aac.csv), Search Missions by Name (Tasks%203cedf6b06b594c01bf3f3aa538d60459/Search%20Missions%20by%20Name%2070d0ba567a8043fd8143f52b8bd99bfb.csv), Mission Host Settings Menu (Tasks%203cedf6b06b594c01bf3f3aa538d60459/Mission%20Host%20Settings%20Menu%20335a53af5a874a7d90575f1468369f93.csv), Missions Mobile Optimizations (Tasks%203cedf6b06b594c01bf3f3aa538d60459/Missions%20Mobile%20Optimizations%205a0a9d45ac3949ef809fd0a63067c9a3.csv), View List of Pending Judge Invites (Tasks%203cedf6b06b594c01bf3f3aa538d60459/View%20List%20of%20Pending%20Judge%20Invites%20077f7c30d624462881a4c0692759a226.csv), Bug: Users Cannot View participation-request contests (Tasks%203cedf6b06b594c01bf3f3aa538d60459/Bug%20Users%20Cannot%20View%20participation-request%20contes%20da682934ed0c49c1ae6d2544399174ff.csv), Notifications (Tasks%203cedf6b06b594c01bf3f3aa538d60459/Notifications%20f09e19adab7140339cf2ca8a7af9ebb6.csv)",
6 - July 10 - July 24,Backlog,1,,,,,"Fix searching by page in SearchContests (Tasks%203cedf6b06b594c01bf3f3aa538d60459/Fix%20searching%20by%20page%20in%20SearchContests%204c4e500196b74db88c43ba034694db2a.csv), Fix Text Overflow in Profile Page (Tasks%203cedf6b06b594c01bf3f3aa538d60459/Fix%20Text%20Overflow%20in%20Profile%20Page%20b9957c06521d4a6493eac51a448d3b04.csv), Invite Contestants (Tasks%203cedf6b06b594c01bf3f3aa538d60459/Invite%20Contestants%2051e7302e8c494f84824f883c13dd6679.csv), Accept/Deny Invitation to Contest (Tasks%203cedf6b06b594c01bf3f3aa538d60459/Accept%20Deny%20Invitation%20to%20Contest%20cf3cd84a34634ab8a7383cf647126422.csv), Accept/Deny Invitation to Judge (Tasks%203cedf6b06b594c01bf3f3aa538d60459/Accept%20Deny%20Invitation%20to%20Judge%20ad3e057d8f58453ab459490e98de8603.csv), Submit TextUpload (Tasks%203cedf6b06b594c01bf3f3aa538d60459/Submit%20TextUpload%20a64fc548e2714722b2c59a03b7803c60.csv), Submit SingleFileUpload for mission submission (Tasks%203cedf6b06b594c01bf3f3aa538d60459/Submit%20SingleFileUpload%20for%20mission%20submission%20fd444a20ca1042d9a546c07722096152.csv), Fix Pending Requests List (Tasks%203cedf6b06b594c01bf3f3aa538d60459/Fix%20Pending%20Requests%20List%203b9f37c81cb4434eb851393961135479.csv), Fix Pending Requests (Select Functionality) (Tasks%203cedf6b06b594c01bf3f3aa538d60459/Fix%20Pending%20Requests%20(Select%20Functionality)%2002628a9d48c54e229196a851a3b5845c.csv), Fix Request to Join Contest (Tasks%203cedf6b06b594c01bf3f3aa538d60459/Fix%20Request%20to%20Join%20Contest%20bb946a63bde94530a3d228a7b12f312c.csv), Make Search Contests Page More User Friendly (Tasks%203cedf6b06b594c01bf3f3aa538d60459/Make%20Search%20Contests%20Page%20More%20User%20Friendly%2064fdf8f84fd74894bfac52f70bc48f84.csv), Fix Long Named Contests in Search Contests (Tasks%203cedf6b06b594c01bf3f3aa538d60459/Fix%20Long%20Named%20Contests%20in%20Search%20Contests%20ca43e2aa0ad24b11ae03880cc14ce239.csv), View Options in Search Contests (Tasks%203cedf6b06b594c01bf3f3aa538d60459/View%20Options%20in%20Search%20Contests%200adbba56232d4f54b3052432f35aff99.csv), Update Invite Judge to Mission To New Endpoint (Tasks%203cedf6b06b594c01bf3f3aa538d60459/Update%20Invite%20Judge%20to%20Mission%20To%20New%20Endpoint%20f80b3768ad894ab99e1ab6d870ee463b.csv), Fix list of Judges Showing [Object object] (Tasks%203cedf6b06b594c01bf3f3aa538d60459/Fix%20list%20of%20Judges%20Showing%20%5BObject%20object%5D%20c703112c2d084360a7fa69ef0563e0db.csv), Delete Mission (Tasks%203cedf6b06b594c01bf3f3aa538d60459/Delete%20Mission%205dc158cdb6fa4ba0ba3a7a92ccad5058.csv)",
7 - July 24 - Aug 7,Backlog,1,,,,,"Prompt To Confirm If you Want to Log Out (Tasks%203cedf6b06b594c01bf3f3aa538d60459/Prompt%20To%20Confirm%20If%20you%20Want%20to%20Log%20Out%20573e81f9423d47adb1613ece3dbea5c6.csv), Make “Go to Top” button be universal across site (Tasks%203cedf6b06b594c01bf3f3aa538d60459/Make%20%E2%80%9CGo%20to%20Top%E2%80%9D%20button%20be%20universal%20across%20site%2080e42e91deb140d798101db27a78d732.csv), Fix generated header to be more modular (Tasks%203cedf6b06b594c01bf3f3aa538d60459/Fix%20generated%20header%20to%20be%20more%20modular%20eaec2a7dcbb34f99b8fe37a368ec7aba.csv), Make active page on header move to correct page (Tasks%203cedf6b06b594c01bf3f3aa538d60459/Make%20active%20page%20on%20header%20move%20to%20correct%20page%20fd3ec66d6e904a63bd0fd66e66a05676.csv), Bug: View Mission on Mobile Doesn’t Scroll (Tasks%203cedf6b06b594c01bf3f3aa538d60459/Bug%20View%20Mission%20on%20Mobile%20Doesn%E2%80%99t%20Scroll%20082fd4b4dfba49eeb5d3b75ef0bbeec4.csv), Fix “Go to Top” Button to go all the way to the top (Tasks%203cedf6b06b594c01bf3f3aa538d60459/Fix%20%E2%80%9CGo%20to%20Top%E2%80%9D%20Button%20to%20go%20all%20the%20way%20to%20the%20to%20c9bb04e620ec4f42877d18cf6047a6d7.csv), Notification Toasts (Tasks%203cedf6b06b594c01bf3f3aa538d60459/Notification%20Toasts%20864f359d92514eaa979bcdf3a6f0307d.csv), Fix Primary Nav being below view mission (Tasks%203cedf6b06b594c01bf3f3aa538d60459/Fix%20Primary%20Nav%20being%20below%20view%20mission%2040840a8b3aa7473ebb46af2b4def6bf3.csv), Fix agree to terms of service button (Tasks%203cedf6b06b594c01bf3f3aa538d60459/Fix%20agree%20to%20terms%20of%20service%20button%20ac74241f7ca24036a0ef3834c8906fa4.csv), New Design for View Contest (Tasks%203cedf6b06b594c01bf3f3aa538d60459/New%20Design%20for%20View%20Contest%20b644aeeb16a3409e88ccfe39cea29584.csv), Edit Contest Details (Tasks%203cedf6b06b594c01bf3f3aa538d60459/Edit%20Contest%20Details%208f6c2d28f6954c2ebe036cf2a8134c02.csv), Bug: Contest name, description, and prize being able to have emojis (Tasks%203cedf6b06b594c01bf3f3aa538d60459/Bug%20Contest%20name,%20description,%20and%20prize%20being%20abl%2018026d0899854758a095f98c2526be1f.csv), Bug: If popup is opened near bottom it gets cutoff (Tasks%203cedf6b06b594c01bf3f3aa538d60459/Bug%20If%20popup%20is%20opened%20near%20bottom%20it%20gets%20cutoff%2064bb6570e49c46ae9bb1060bc2854ad5.csv), Bug: Fixed Join Contest button so that it doesn’t show up for hosts on refresh and is properly displayed (Tasks%203cedf6b06b594c01bf3f3aa538d60459/Bug%20Fixed%20Join%20Contest%20button%20so%20that%20it%20doesn%E2%80%99t%20s%20cea567ef49724ec4b519662add2e9871.csv)",
8 - Aug 7 - Aug 21,Backlog,1,,,,,"Notifications: Implement “read” and “unread” notis (Tasks%203cedf6b06b594c01bf3f3aa538d60459/Notifications%20Implement%20%E2%80%9Cread%E2%80%9D%20and%20%E2%80%9Cunread%E2%80%9D%20notis%20fbead9caba864c7bb17f1dff0e7043d5.csv), Notifications: Accept/reject certain invitations (Tasks%203cedf6b06b594c01bf3f3aa538d60459/Notifications%20Accept%20reject%20certain%20invitations%20a3484d6c214e48e3a3f50f7c0a38d0de.csv), Edit/Update Mission Properties (Tasks%203cedf6b06b594c01bf3f3aa538d60459/Edit%20Update%20Mission%20Properties%20ff74a7f1578943dcaad84b5f2b32ba47.csv), Single File Upload (Tasks%203cedf6b06b594c01bf3f3aa538d60459/Single%20File%20Upload%204465518299a840068376b5b1fee7405c.csv), Manage Contestants (Remove/Ban, Unban) (Tasks%203cedf6b06b594c01bf3f3aa538d60459/Manage%20Contestants%20(Remove%20Ban,%20Unban)%20f085f8101691403b80bdae7279dfdd20.csv), Fix Leaderboard for Tied Contestants (Tasks%203cedf6b06b594c01bf3f3aa538d60459/Fix%20Leaderboard%20for%20Tied%20Contestants%20044b562b65d4477b91e370dae4035cdd.csv), Clean up index.html. It aint perfect but good enough for now. (Tasks%203cedf6b06b594c01bf3f3aa538d60459/Clean%20up%20index%20html%20It%20aint%20perfect%20but%20good%20enoug%20be406edfa2f74669b7bf9a810831334e.csv), Redirect users with successful Login to contests/search (Tasks%203cedf6b06b594c01bf3f3aa538d60459/Redirect%20users%20with%20successful%20Login%20to%20contests%20s%208d4b8175c69a43cdaafc0d57226fcfc7.csv), If navigating to contests or profile pages and not logged in, redirect to login page (Tasks%203cedf6b06b594c01bf3f3aa538d60459/If%20navigating%20to%20contests%20or%20profile%20pages%20and%20not%20d9c84316b5b34138bcf56b1a35fe25e2.csv), Removed default values for create contest title, desc, point value. (Tasks%203cedf6b06b594c01bf3f3aa538d60459/Removed%20default%20values%20for%20create%20contest%20title,%20d%20d337dd30c2f84dbb83b7fc6f90d2ab7f.csv), Added Terms of Service and Privacy Policy (Tasks%203cedf6b06b594c01bf3f3aa538d60459/Added%20Terms%20of%20Service%20and%20Privacy%20Policy%207f4972cc606e4750a7526568e0a286eb.csv), Add error message when unsuccessful login (Tasks%203cedf6b06b594c01bf3f3aa538d60459/Add%20error%20message%20when%20unsuccessful%20login%20e0cd4d5c95a14200940d8c64e419c6cd.csv), Added link to resend verification email (Tasks%203cedf6b06b594c01bf3f3aa538d60459/Added%20link%20to%20resend%20verification%20email%205a1738fcf2cd4e8d8282c5f69df0aa83.csv), Added format to phone in signup page (Tasks%203cedf6b06b594c01bf3f3aa538d60459/Added%20format%20to%20phone%20in%20signup%20page%20a5ca7e60227e4d4bb63917334d96fe32.csv), Bug: View Mission Div too wide with very long text description (Tasks%203cedf6b06b594c01bf3f3aa538d60459/Bug%20View%20Mission%20Div%20too%20wide%20with%20very%20long%20text%20%203e4036930b8d442aa33fdf655c7f4bd2.csv), Bug: Leaderboard order not sorted by point value (Tasks%203cedf6b06b594c01bf3f3aa538d60459/Bug%20Leaderboard%20order%20not%20sorted%20by%20point%20value%20b40623ba6bfe4a02aee05a5cbe7cc057.csv), Manage Cohosts Menu (Tasks%203cedf6b06b594c01bf3f3aa538d60459/Manage%20Cohosts%20Menu%2073e4763181d54f0d8fb79fe1f4d70c32.csv), Icons for Accepted, Pending, Rejected Submissions (Tasks%203cedf6b06b594c01bf3f3aa538d60459/Icons%20for%20Accepted,%20Pending,%20Rejected%20Submissions%20cbde7fffbc6e45a582a143795e85cd31.csv), View, Edit, Delete Mission Submissions (Tasks%203cedf6b06b594c01bf3f3aa538d60459/View,%20Edit,%20Delete%20Mission%20Submissions%20917a7e4d21fe4f5f8693540344e712ad.csv), Made header title keep showing even when on mobile view (Tasks%203cedf6b06b594c01bf3f3aa538d60459/Made%20header%20title%20keep%20showing%20even%20when%20on%20mobile%20f95a421d29244afda27f3f72b3719d9e.csv), User Status in Contest (Tasks%203cedf6b06b594c01bf3f3aa538d60459/User%20Status%20in%20Contest%20e3f00ebed6a34fb1908b3e7838f839bf.csv), Finish Search Criteria (Tasks%203cedf6b06b594c01bf3f3aa538d60459/Finish%20Search%20Criteria%2019406de889434cb2af1f9415d4a94310.csv), Favorite Contests (Tasks%203cedf6b06b594c01bf3f3aa538d60459/Favorite%20Contests%204e1a362ba48a4ebbaa3fa33aff7c4838.csv), Bug: Incorrect “Showing Page” with 0 pages of results (Tasks%203cedf6b06b594c01bf3f3aa538d60459/Bug%20Incorrect%20%E2%80%9CShowing%20Page%E2%80%9D%20with%200%20pages%20of%20resul%20234c074acde7474eb27a110ff18e2558.csv), Bug: When creating a mission, if there was an error it closes the popup with your changes (Tasks%203cedf6b06b594c01bf3f3aa538d60459/Bug%20When%20creating%20a%20mission,%20if%20there%20was%20an%20error%2038ea0c94da2e4d6cbb24b0954b0098cb.csv), Bug: Blank screen when trying to visit a contest that was deleted (Tasks%203cedf6b06b594c01bf3f3aa538d60459/Bug%20Blank%20screen%20when%20trying%20to%20visit%20a%20contest%20th%207d030d7184f74656bd2d3923e6772221.csv), Give Cohosts Host Menu Options (Tasks%203cedf6b06b594c01bf3f3aa538d60459/Give%20Cohosts%20Host%20Menu%20Options%20dce3569dea2e40649256f6149c7d090a.csv), More Sort Options & Add Quick Search button for mobile users so they don’t have to scroll back up (Tasks%203cedf6b06b594c01bf3f3aa538d60459/More%20Sort%20Options%20&%20Add%20Quick%20Search%20button%20for%20mo%20dac1342d6d514bb7b8b44c1e8afa0fc9.csv), Remember last search settings when going back to search contests (Tasks%203cedf6b06b594c01bf3f3aa538d60459/Remember%20last%20search%20settings%20when%20going%20back%20to%20s%20f7e0aeed274648aeafa3c1da50ebb126.csv), Accept/Reject Invitations from Search Contests Page (Tasks%203cedf6b06b594c01bf3f3aa538d60459/Accept%20Reject%20Invitations%20from%20Search%20Contests%20Pag%202d30796d784b4fc1a6f89925f6da2da8.csv), Finish Features for Judges Panel in View Mission (Tasks%203cedf6b06b594c01bf3f3aa538d60459/Finish%20Features%20for%20Judges%20Panel%20in%20View%20Mission%20573d22a918a740038067a812e531c54d.csv), Hidden Themes 👀 (Tasks%203cedf6b06b594c01bf3f3aa538d60459/Hidden%20Themes%20%F0%9F%91%80%20d889f09a755e41b8975d73cf7b538062.csv), Notifications: Add delete button to all notifications (Tasks%203cedf6b06b594c01bf3f3aa538d60459/Notifications%20Add%20delete%20button%20to%20all%20notificatio%20b3142d9d4330460592d073f1d3714a05.csv), Fix Contest Name Overflow & Layout (Tasks%203cedf6b06b594c01bf3f3aa538d60459/Fix%20Contest%20Name%20Overflow%20&%20Layout%204561a7ff89b24853ac7769875d2c33a9.csv), Fix Updating Mission Wouldn’t Visually Update the Changes (Tasks%203cedf6b06b594c01bf3f3aa538d60459/Fix%20Updating%20Mission%20Wouldn%E2%80%99t%20Visually%20Update%20the%20%205b2e1e1ee3154d8496e8058581e15263.csv), Warning icon if a mission has 0 judges (Tasks%203cedf6b06b594c01bf3f3aa538d60459/Warning%20icon%20if%20a%20mission%20has%200%20judges%2028fa5bdccad340c88a9db46241365858.csv), Evaluate/Adjudicate Submissions Menu (In View Mission) (Tasks%203cedf6b06b594c01bf3f3aa538d60459/Evaluate%20Adjudicate%20Submissions%20Menu%20(In%20View%20Miss%20ad08a8dcdbc8487bb773071e7376b671.csv), Invite Contestants Menu, Finally after all this time (Tasks%203cedf6b06b594c01bf3f3aa538d60459/Invite%20Contestants%20Menu,%20Finally%20after%20all%20this%20ti%20cd6eed35354b4acda90cbae10650c122.csv), Added reset password to login (Tasks%203cedf6b06b594c01bf3f3aa538d60459/Added%20reset%20password%20to%20login%20ade2e14787b64aeaa7920a50850fc7be.csv), Red Notify Dot for Invitations on Search Contests Page (Tasks%203cedf6b06b594c01bf3f3aa538d60459/Red%20Notify%20Dot%20for%20Invitations%20on%20Search%20Contests%20%2048f1ae402e1c4116ae903295971677ca.csv), View Contest with MissionId in query string (Tasks%203cedf6b06b594c01bf3f3aa538d60459/View%20Contest%20with%20MissionId%20in%20query%20string%20321c918e53ba482280a804e260864e15.csv), Transfer Ownership Menu (Tasks%203cedf6b06b594c01bf3f3aa538d60459/Transfer%20Ownership%20Menu%2042d7f28f01d749e9a34b251424d26dd6.csv), Search By Mission (Without Contest) (Tasks%203cedf6b06b594c01bf3f3aa538d60459/Search%20By%20Mission%20(Without%20Contest)%2084d74695395a41578c5d76c2c1461be1.csv), Filter Mission on View Contest Page (Tasks%203cedf6b06b594c01bf3f3aa538d60459/Filter%20Mission%20on%20View%20Contest%20Page%207bb1759d46e149c1a4ceda7c9857e4de.csv), Popup in different directions (Tasks%203cedf6b06b594c01bf3f3aa538d60459/Popup%20in%20different%20directions%2049bdf161b1fb43389167e016531ddb63.csv), Notifications: Redirect invitations on noti click (Tasks%203cedf6b06b594c01bf3f3aa538d60459/Notifications%20Redirect%20invitations%20on%20noti%20click%20b794e50aa1094db997f41e946b1dd0a5.csv), Notifications: Mobile formatting (Tasks%203cedf6b06b594c01bf3f3aa538d60459/Notifications%20Mobile%20formatting%2051513a4b72ea4804879785ecb0a37bb8.csv), Accept/Reject judge invitation from mission menu (Tasks%203cedf6b06b594c01bf3f3aa538d60459/Accept%20Reject%20judge%20invitation%20from%20mission%20menu%2097506f96d560423c9d05d92a89a3f093.csv), Notifications: Add animations for deletion of notis (Tasks%203cedf6b06b594c01bf3f3aa538d60459/Notifications%20Add%20animations%20for%20deletion%20of%20notis%204bf4378c952c4da99526b56eb9af4f78.csv), User List Upload (Tasks%203cedf6b06b594c01bf3f3aa538d60459/User%20List%20Upload%208aee21b02f9d4addb87320139365fb7b.csv), Notifications: Finish creating HTML elements for all notis (Tasks%203cedf6b06b594c01bf3f3aa538d60459/Notifications%20Finish%20creating%20HTML%20elements%20for%20al%20b5dc8ae399c24f0383147de277151b38.csv), Notifications: Add date to notifications. (Tasks%203cedf6b06b594c01bf3f3aa538d60459/Notifications%20Add%20date%20to%20notifications%2003bad13e8079423fa758d1311f6f4edd.csv), Notifications: Close noti menu with side menu (Tasks%203cedf6b06b594c01bf3f3aa538d60459/Notifications%20Close%20noti%20menu%20with%20side%20menu%2030db4b83df464301bb1a5fd20903b0dc.csv), Notifications: Add confirmation for accept/reject action (Tasks%203cedf6b06b594c01bf3f3aa538d60459/Notifications%20Add%20confirmation%20for%20accept%20reject%20a%2007516d65c2384f81a09a3c821d9deffd.csv), View Mission Column Readjusting (Tasks%203cedf6b06b594c01bf3f3aa538d60459/View%20Mission%20Column%20Readjusting%2055c271751d0f4b6d8947366ff2768c99.csv), Include time for dates on missions (Tasks%203cedf6b06b594c01bf3f3aa538d60459/Include%20time%20for%20dates%20on%20missions%203d907f10f1954f1999abcebb4d3ecaf0.csv), Fix View Mission & Popups on Firefox (Tasks%203cedf6b06b594c01bf3f3aa538d60459/Fix%20View%20Mission%20&%20Popups%20on%20Firefox%206a06bd82a6b7453ea264c1eed4b79c54.csv), Soloed createMenu & Go Back to Previous Menus (Tasks%203cedf6b06b594c01bf3f3aa538d60459/Soloed%20createMenu%20&%20Go%20Back%20to%20Previous%20Menus%208632a18ac8d041d8a643906342162d50.csv), n/N Submissions Done (Tasks%203cedf6b06b594c01bf3f3aa538d60459/n%20N%20Submissions%20Done%207e64630764e749bfb0fe304bf1bb919f.csv), Add Icons to Submit for Mission (Tasks%203cedf6b06b594c01bf3f3aa538d60459/Add%20Icons%20to%20Submit%20for%20Mission%2039792bbdb7524e27ad33c530f7bcb0f2.csv), Toast Notifications: Modify behavior (Tasks%203cedf6b06b594c01bf3f3aa538d60459/Toast%20Notifications%20Modify%20behavior%2066a92ecd5dc94dd0a63f1e4d68e8f06f.csv), Results Menus (Tasks%203cedf6b06b594c01bf3f3aa538d60459/Results%20Menus%2047a11738d5aa43e5adbc38a0226c94d8.csv), Use standard Are you sure popup in more places (Tasks%203cedf6b06b594c01bf3f3aa538d60459/Use%20standard%20Are%20you%20sure%20popup%20in%20more%20places%202db490d5e73b4fb79af91d7aaad18196.csv), Bug: Your Info Popup is Cutoff the Page (Tasks%203cedf6b06b594c01bf3f3aa538d60459/Bug%20Your%20Info%20Popup%20is%20Cutoff%20the%20Page%205dfd0c51c11b43e5a5dff11517b5056a.csv), Bug: your info btn not showing up unless host (Tasks%203cedf6b06b594c01bf3f3aa538d60459/Bug%20your%20info%20btn%20not%20showing%20up%20unless%20host%20962e77653570426184a251851a8abce1.csv), Delete Contest: type name to confirm (Tasks%203cedf6b06b594c01bf3f3aa538d60459/Delete%20Contest%20type%20name%20to%20confirm%200cd3f802c2604fbca2c68bb26fe4d085.csv), Hide Evaluate Submissions If you aren’t a judge (Tasks%203cedf6b06b594c01bf3f3aa538d60459/Hide%20Evaluate%20Submissions%20If%20you%20aren%E2%80%99t%20a%20judge%20e74169b485014ecea2ab857ad019ea72.csv), Bug: Pending count doesn’t update when contestant adds submission (Tasks%203cedf6b06b594c01bf3f3aa538d60459/Bug%20Pending%20count%20doesn%E2%80%99t%20update%20when%20contestant%20a%202f0035efb53b498a9b67eef13e4b2251.csv), Bug: Incorrect number of submissions used on view mission (Tasks%203cedf6b06b594c01bf3f3aa538d60459/Bug%20Incorrect%20number%20of%20submissions%20used%20on%20view%20m%20b8036c0872924608a7e333874e78e925.csv), Bug: Refresh Evaluate Submissions menu on submit (Tasks%203cedf6b06b594c01bf3f3aa538d60459/Bug%20Refresh%20Evaluate%20Submissions%20menu%20on%20submit%20d15028f486c44cb9badf59dba6b051a8.csv), Bug: update leaderboard after evaluating submissions (Tasks%203cedf6b06b594c01bf3f3aa538d60459/Bug%20update%20leaderboard%20after%20evaluating%20submission%207df93e0495ff496fbf1a5767b4dfe941.csv), Bug: update submissionStats after evaluating submissions (Tasks%203cedf6b06b594c01bf3f3aa538d60459/Bug%20update%20submissionStats%20after%20evaluating%20submis%2037e8ffb6e20f4b97a1f3c26de2694a11.csv), Fix submissionStats labels (Tasks%203cedf6b06b594c01bf3f3aa538d60459/Fix%20submissionStats%20labels%2060f5d72f97034f50824708b797e632fc.csv), Bug: Edit submission not providing file (Tasks%203cedf6b06b594c01bf3f3aa538d60459/Bug%20Edit%20submission%20not%20providing%20file%20b28af5062d5a402e985da5b6acc0065e.csv), Bug: update userStats after deleting mission (Tasks%203cedf6b06b594c01bf3f3aa538d60459/Bug%20update%20userStats%20after%20deleting%20mission%20b1c97af9b73d4ce88477128aedaa7ac0.csv), Bug: Disable deleting approved mission (Tasks%203cedf6b06b594c01bf3f3aa538d60459/Bug%20Disable%20deleting%20approved%20mission%20abacf009a80541e881ae7a06cb165c94.csv), Error Messages (Toasts?) (Tasks%203cedf6b06b594c01bf3f3aa538d60459/Error%20Messages%20(Toasts%20)%208de23495c5b0455cb2926153a1f2c2ce.csv), Bug: “NaN Pending” when submit for first time in mission (Tasks%203cedf6b06b594c01bf3f3aa538d60459/Bug%20%E2%80%9CNaN%20Pending%E2%80%9D%20when%20submit%20for%20first%20time%20in%20mi%20555f7c8cdf0743f3b5f0d33888b80972.csv), After updating mission details don’t close the mission menu, instead reload (Tasks%203cedf6b06b594c01bf3f3aa538d60459/After%20updating%20mission%20details%20don%E2%80%99t%20close%20the%20mis%20301561f6178c4111a1bc98bae6fba4bf.csv), Add/Create Mission Defaults (Tasks%203cedf6b06b594c01bf3f3aa538d60459/Add%20Create%20Mission%20Defaults%202829925b20d9409a9b1394624ffebe17.csv), Fix local time on view mission and create mission (Tasks%203cedf6b06b594c01bf3f3aa538d60459/Fix%20local%20time%20on%20view%20mission%20and%20create%20mission%2089f414a5548e41da86cbe5c8b007d727.csv), Clamp maxCompetionsPerUser (Tasks%203cedf6b06b594c01bf3f3aa538d60459/Clamp%20maxCompetionsPerUser%208830001170b446749e446aab944c35d1.csv), Notifications: make toast, manage, triangle work when scrolled down page (Tasks%203cedf6b06b594c01bf3f3aa538d60459/Notifications%20make%20toast,%20manage,%20triangle%20work%20wh%200ff93646918349acbb8030cea24dea9f.csv), Fix favorites popup only to show up first time (Tasks%203cedf6b06b594c01bf3f3aa538d60459/Fix%20favorites%20popup%20only%20to%20show%20up%20first%20time%20ef9fb0eb890742aea3744d11b5b72111.csv), Highlight where you are on the leaderboard (Tasks%203cedf6b06b594c01bf3f3aa538d60459/Highlight%20where%20you%20are%20on%20the%20leaderboard%20dfe3ec6383ec491e99f53ee6f14bf2a0.csv), Judge Invitation to support multiple missions (Tasks%203cedf6b06b594c01bf3f3aa538d60459/Judge%20Invitation%20to%20support%20multiple%20missions%203a7e3cde334e43c0871cfd01e23457e9.csv), Fix manage cohosts & manage contestants on small displays and mobile (Tasks%203cedf6b06b594c01bf3f3aa538d60459/Fix%20manage%20cohosts%20&%20manage%20contestants%20on%20small%20d%2097387f090c8040bd842f37288ad36cb9.csv), Judges menu needs some updating work (Tasks%203cedf6b06b594c01bf3f3aa538d60459/Judges%20menu%20needs%20some%20updating%20work%209d483b7de367459cb4b00ce0aa44d2e0.csv), Cohost invitations (Tasks%203cedf6b06b594c01bf3f3aa538d60459/Cohost%20invitations%20dfe69bf91fff45808611297d4638334e.csv), Invite to participate doesn’t work, API says already invited but there is nothing in the array when retreiving (Tasks%203cedf6b06b594c01bf3f3aa538d60459/Invite%20to%20participate%20doesn%E2%80%99t%20work,%20API%20says%20alrea%206515e7c8af574e028362c482c08cb707.csv), Submission Failed (Tasks%203cedf6b06b594c01bf3f3aa538d60459/Submission%20Failed%20f41f9fd30056465e896d0bf1d2465eb2.csv), Duplication when inviting to judge (inviting to mission 1 and mission 2 just makes it be two invites to mission 1) (Tasks%203cedf6b06b594c01bf3f3aa538d60459/Duplication%20when%20inviting%20to%20judge%20(inviting%20to%20mi%201271bd9eebba4b22b25b449f349ccbe4.csv), Need to refresh data when clicking on missions (Tasks%203cedf6b06b594c01bf3f3aa538d60459/Need%20to%20refresh%20data%20when%20clicking%20on%20missions%203c455cbbe3de426cb563bd1d55ffc56d.csv), Bug: Error 502 when creating a new contest (Tasks%203cedf6b06b594c01bf3f3aa538d60459/Bug%20Error%20502%20when%20creating%20a%20new%20contest%204f3290ebd75d41a986d45cc4f308184a.csv), Bug: if user is judge but not host/cohost they can’t judge submissions (Tasks%203cedf6b06b594c01bf3f3aa538d60459/Bug%20if%20user%20is%20judge%20but%20not%20host%20cohost%20they%20can%E2%80%99%20cf53ab4500b8424e98b66ba953b7a7e3.csv), Fixed judges who aren’t hosts to not see the invite/delete judges menu & host menu (Tasks%203cedf6b06b594c01bf3f3aa538d60459/Fixed%20judges%20who%20aren%E2%80%99t%20hosts%20to%20not%20see%20the%20invit%20862c597d8721476ea32e706462f3afe3.csv), Clear invite judges input after add (Tasks%203cedf6b06b594c01bf3f3aa538d60459/Clear%20invite%20judges%20input%20after%20add%200ee65e448b5445c6a7ec5e2511673576.csv), Fix after accepting judge invitation to change button to evaluate submissions instead of submit (Tasks%203cedf6b06b594c01bf3f3aa538d60459/Fix%20after%20accepting%20judge%20invitation%20to%20change%20but%20463298154d324315b7765f0d01f60a88.csv), Cohosts should not have access to Delete Contest, Edit Details, Transfer Ownership, or Manage Cohosts. (Tasks%203cedf6b06b594c01bf3f3aa538d60459/Cohosts%20should%20not%20have%20access%20to%20Delete%20Contest,%20%200ac923a5308948bba40e738e0a600bd7.csv), Add button for cohost to leave a contest (as cohost) (Tasks%203cedf6b06b594c01bf3f3aa538d60459/Add%20button%20for%20cohost%20to%20leave%20a%20contest%20(as%20cohos%20c338ae2b83e5419b86fed832aeafef83.csv), Bug: delete judge deletes all judges (Tasks%203cedf6b06b594c01bf3f3aa538d60459/Bug%20delete%20judge%20deletes%20all%20judges%2076a39d82cd874360b0e79771e93d337f.csv), Bug: deleting judge then mission view doesn’t update correctly with new data (Tasks%203cedf6b06b594c01bf3f3aa538d60459/Bug%20deleting%20judge%20then%20mission%20view%20doesn%E2%80%99t%20updat%2024aebbb72eb741e48b8269502e776b3d.csv)",
9 - Aug 22 - Aug 28,Backlog,1,,,,,"Fix profile page user img on safari (Tasks%203cedf6b06b594c01bf3f3aa538d60459/Fix%20profile%20page%20user%20img%20on%20safari%20d1269e7143fd45a3a50b76febbcffe4c.csv), Redo judges menu (Tasks%203cedf6b06b594c01bf3f3aa538d60459/Redo%20judges%20menu%20286642c5e07a47f0b052257848a7f22d.csv), Notifications: Delete notifications when resolved (Tasks%203cedf6b06b594c01bf3f3aa538d60459/Notifications%20Delete%20notifications%20when%20resolved%20ef74ae3a310747fc8459ae750a640469.csv), Test that my implementation is working (Tasks%203cedf6b06b594c01bf3f3aa538d60459/Test%20that%20my%20implementation%20is%20working%20bfbcfc244df1472cbb8dee1d2f9a3ee7.csv), Auto format phone on signup page (Tasks%203cedf6b06b594c01bf3f3aa538d60459/Auto%20format%20phone%20on%20signup%20page%2062470aa567e14b1cbeb8b23f16a64fff.csv), Add gavel to missions that you judge (Tasks%203cedf6b06b594c01bf3f3aa538d60459/Add%20gavel%20to%20missions%20that%20you%20judge%2064c2eaa2f2db4fb5bf1fc041d909cf7c.csv), Cohost cannot leave contest as cohost (Tasks%203cedf6b06b594c01bf3f3aa538d60459/Cohost%20cannot%20leave%20contest%20as%20cohost%205e13c7ca71f4448c9a7aef79c654f55a.csv), Remove unnecessary info from Results menu (Tasks%203cedf6b06b594c01bf3f3aa538d60459/Remove%20unnecessary%20info%20from%20Results%20menu%204ea3d1422d734969b15220d38b519ef2.csv), Notifications: Fix console errors on menu toggle (Tasks%203cedf6b06b594c01bf3f3aa538d60459/Notifications%20Fix%20console%20errors%20on%20menu%20toggle%20ee6ae3cd03e345c9ab504c1a72f79a0a.csv), Mobile nav menu: Remove if blank (Tasks%203cedf6b06b594c01bf3f3aa538d60459/Mobile%20nav%20menu%20Remove%20if%20blank%20d677e6992577405d8d5c3eeaddae120b.csv), Bug: judges menu names too long overflow (Tasks%203cedf6b06b594c01bf3f3aa538d60459/Bug%20judges%20menu%20names%20too%20long%20overflow%2029d7dd0c58424947bfadecfb9b5c99d4.csv), Remove cohost accept/reject confirmation popups (Tasks%203cedf6b06b594c01bf3f3aa538d60459/Remove%20cohost%20accept%20reject%20confirmation%20popups%209d7cddaab53e47beb5238f0acda722b4.csv), Bug: prevent host from invited themselves as a cohost (Tasks%203cedf6b06b594c01bf3f3aa538d60459/Bug%20prevent%20host%20from%20invited%20themselves%20as%20a%20coho%20f66c9b9b335743578552986c34b86721.csv), Bug: cohosts get treated as fullhosts (Tasks%203cedf6b06b594c01bf3f3aa538d60459/Bug%20cohosts%20get%20treated%20as%20fullhosts%2083aa91683c2e4c63bdbbf2f7d60f01a2.csv), Add mission badge for a mission that is competed (you reached you maximum amount of submissions) (Tasks%203cedf6b06b594c01bf3f3aa538d60459/Add%20mission%20badge%20for%20a%20mission%20that%20is%20competed%20(%205df4ebeb794348758a0a7d22eece8605.csv), Add .vscode folder to ensure live server extension works (Tasks%203cedf6b06b594c01bf3f3aa538d60459/Add%20vscode%20folder%20to%20ensure%20live%20server%20extension%20%2090b94ab9cef741f2a351249c6ea2c02a.csv), Notifications: Make calls to closeNotiMenu() await a promise(?) (Tasks%203cedf6b06b594c01bf3f3aa538d60459/Notifications%20Make%20calls%20to%20closeNotiMenu()%20await%20%20e3069dbaaae942dc9d640cd996f049c7.csv)",
10 - Aug 28 - Sep 11,Planning,1,,,,,"Fix loading animation on safari (Tasks%203cedf6b06b594c01bf3f3aa538d60459/Fix%20loading%20animation%20on%20safari%20fdd9384192894edd9320e6cdafdb22de.csv), Hide your info button when you aren’t in a contest (Tasks%203cedf6b06b594c01bf3f3aa538d60459/Hide%20your%20info%20button%20when%20you%20aren%E2%80%99t%20in%20a%20contest%205bbab2ba333b47679be87aa16b315b0b.csv), Hide submit mission stuff if you aren’t in a contest (Tasks%203cedf6b06b594c01bf3f3aa538d60459/Hide%20submit%20mission%20stuff%20if%20you%20aren%E2%80%99t%20in%20a%20conte%20fe5c925097a74e8ab2fd976aceed9ddc.csv), canCreateContests check (Tasks%203cedf6b06b594c01bf3f3aa538d60459/canCreateContests%20check%201e9c7a5464e04b6399aa2b2cc9fa19be.csv), Bug: clicking on mission, manage submissions, back, mission id doesn’t get erased from url (Tasks%203cedf6b06b594c01bf3f3aa538d60459/Bug%20clicking%20on%20mission,%20manage%20submissions,%20back,%2015b7abc1640b4329b0ebbb0059a2bf4d.csv), Bug: fix max submissions used label after deleting a submission (Tasks%203cedf6b06b594c01bf3f3aa538d60459/Bug%20fix%20max%20submissions%20used%20label%20after%20deleting%20%20fae8decaf48e482eb5dd0983bb5eee47.csv), Bug: make text be rendered with prism (Tasks%203cedf6b06b594c01bf3f3aa538d60459/Bug%20make%20text%20be%20rendered%20with%20prism%200a42f16c1b144913a9b511ae1009f92b.csv), Bug: application/x-javascript thing (Tasks%203cedf6b06b594c01bf3f3aa538d60459/Bug%20application%20x-javascript%20thing%2058cedbde804d4e95a97bff36c6b5bdd2.csv), Fix removing mission query string when closing evaluate submissions (Tasks%203cedf6b06b594c01bf3f3aa538d60459/Fix%20removing%20mission%20query%20string%20when%20closing%20eva%2031b3f869b320468c8c2b4c70b3f55878.csv), Add ability to go straight to evaluate submissions (Tasks%203cedf6b06b594c01bf3f3aa538d60459/Add%20ability%20to%20go%20straight%20to%20evaluate%20submissions%20114d23cd6d92446d8559ad954d35f0e0.csv), Bug: when files take longer to load in evaluate submissions - it’s glitchy when loading the accept/reject/ignore buttons (Tasks%203cedf6b06b594c01bf3f3aa538d60459/Bug%20when%20files%20take%20longer%20to%20load%20in%20evaluate%20sub%201961b2740dd9461894ef57e67976c8fb.csv), Bug: refresh page after accepting invitation to cohost (Tasks%203cedf6b06b594c01bf3f3aa538d60459/Bug%20refresh%20page%20after%20accepting%20invitation%20to%20coh%20683e1f4213ca44609817c737023722e1.csv), Bug: remove selectable checkbox from current contestants in invite contestants menu (Tasks%203cedf6b06b594c01bf3f3aa538d60459/Bug%20remove%20selectable%20checkbox%20from%20current%20contes%2047e0fc5bc901460ba35fc840f5b447ad.csv), Bug: when switching tabs in judges menu get rid of the add button (Tasks%203cedf6b06b594c01bf3f3aa538d60459/Bug%20when%20switching%20tabs%20in%20judges%20menu%20get%20rid%20of%20%20ec995cff3a294bc7a6dbcc5e6c691287.csv), Bug: fix inviting a cohost as judge to a mission will not show the accept box  and will act like they are currently a judge (Tasks%203cedf6b06b594c01bf3f3aa538d60459/Bug%20fix%20inviting%20a%20cohost%20as%20judge%20to%20a%20mission%20wi%20ba793d501f9c4b50937eb4d7b38f2a9c.csv), Leave as judge (Tasks%203cedf6b06b594c01bf3f3aa538d60459/Leave%20as%20judge%208b3b09afbad54201b8f1cc93f43d7749.csv), Bug: fix accepting judge invitation needs to refresh mission data to allow submit (Tasks%203cedf6b06b594c01bf3f3aa538d60459/Bug%20fix%20accepting%20judge%20invitation%20needs%20to%20refres%2054e546f0ebfa41d7834a90a04053a140.csv), Bug: completed check on user list upload missions for non judges (Tasks%203cedf6b06b594c01bf3f3aa538d60459/Bug%20completed%20check%20on%20user%20list%20upload%20missions%20f%20041fad0d00464d7c8d310aa9e7ac7c43.csv), Bug: when removing yourself as a judge it doesn’t update the menu to reflect that (Tasks%203cedf6b06b594c01bf3f3aa538d60459/Bug%20when%20removing%20yourself%20as%20a%20judge%20it%20doesn%E2%80%99t%20u%2000423864a96a41ee831c7315167380ef.csv), Improvement: In user lists put a dashed border around yourself in the list for clarity (Tasks%203cedf6b06b594c01bf3f3aa538d60459/Improvement%20In%20user%20lists%20put%20a%20dashed%20border%20arou%20ce63365dd38649a9974786d3d34eece9.csv), Improvement: for hosts who are looking at lists of users, should add their emails under their names for users who have the same first and last name (Tasks%203cedf6b06b594c01bf3f3aa538d60459/Improvement%20for%20hosts%20who%20are%20looking%20at%20lists%20of%20%20f829e6cd9ded4e4584b72a83fa82405a.csv), Bug: need to fix selecting (blue) in judges menu (Tasks%203cedf6b06b594c01bf3f3aa538d60459/Bug%20need%20to%20fix%20selecting%20(blue)%20in%20judges%20menu%20cf6dd4aa3b6c4992a02d91f5d4f17123.csv), invite contestants needs to show results after (Tasks%203cedf6b06b594c01bf3f3aa538d60459/invite%20contestants%20needs%20to%20show%20results%20after%2084d6f2f35dcd43b38544229365c2b015.csv), Bug: when you aren’t in a contest but are a judge, you can’t evaluate missions (Tasks%203cedf6b06b594c01bf3f3aa538d60459/Bug%20when%20you%20aren%E2%80%99t%20in%20a%20contest%20but%20are%20a%20judge,%20%20b34e21d3beb544999d596249539fa452.csv), Bug: can’t view submissions with userListUpload (Tasks%203cedf6b06b594c01bf3f3aa538d60459/Bug%20can%E2%80%99t%20view%20submissions%20with%20userListUpload%20d62585a09bf941b0948a81a469021e6b.csv), Need to add search query settings to getting list of submissions (Tasks%203cedf6b06b594c01bf3f3aa538d60459/Need%20to%20add%20search%20query%20settings%20to%20getting%20list%20%202ac254fc3cce4a9b92a1fcb1e2d23cc5.csv), Fix up viewing userListUpload submissions (Tasks%203cedf6b06b594c01bf3f3aa538d60459/Fix%20up%20viewing%20userListUpload%20submissions%20c8d611d28ce44f678e423c8ef3357f5e.csv), Fix disallowing deleting/editing userListUpload submissions (Tasks%203cedf6b06b594c01bf3f3aa538d60459/Fix%20disallowing%20deleting%20editing%20userListUpload%20su%20fb335add10be4b5c93683e1632280f0f.csv), when contestant leaves contest, 404 page is displayed (Tasks%203cedf6b06b594c01bf3f3aa538d60459/when%20contestant%20leaves%20contest,%20404%20page%20is%20displa%2023f8bd748d6542d6a108c8cdd13ab76b.csv), Missions that are UserListUpload, display “You can only submit if you are a contestant”.  Can we change it to something like “User submissions not allowed”? (Tasks%203cedf6b06b594c01bf3f3aa538d60459/Missions%20that%20are%20UserListUpload,%20display%20%E2%80%9CYou%20can%20a5c619794a0c4c8fac783fc8959d3079.csv), After a contestant rejects a judging invitation on the mission page, “400 Contest not found” noti is displayed and user is kept on mission page. When user presses X to close the mission, get 404 page. (Tasks%203cedf6b06b594c01bf3f3aa538d60459/After%20a%20contestant%20rejects%20a%20judging%20invitation%20on%20df4738bfbb374a088ed9f0bf13eebeac.csv), Viewing textUpload submissions to use pre-wrap to support new line chars (Tasks%203cedf6b06b594c01bf3f3aa538d60459/Viewing%20textUpload%20submissions%20to%20use%20pre-wrap%20to%20%2059c13f39726e488a95dbd6908983c683.csv)",
11 - Sep 11 - Sep 18,Planning,1,,,,,"Fix manage cohosts menu to show results menu after submitting (Tasks%203cedf6b06b594c01bf3f3aa538d60459/Fix%20manage%20cohosts%20menu%20to%20show%20results%20menu%20after%209d529c073a7b4cf79b078414d288e230.csv), Bug: need to refresh contest after accepting cohost invitation (Tasks%203cedf6b06b594c01bf3f3aa538d60459/Bug%20need%20to%20refresh%20contest%20after%20accepting%20cohost%206d4e4fd9cccd46c79960b56a2be2816f.csv), Need to integrate updating in cohosts menu (Tasks%203cedf6b06b594c01bf3f3aa538d60459/Need%20to%20integrate%20updating%20in%20cohosts%20menu%209e7cfbe646e6409ea9d7d1042d2d41c3.csv), Notifications: Arrange with newest noti on top (Tasks%203cedf6b06b594c01bf3f3aa538d60459/Notifications%20Arrange%20with%20newest%20noti%20on%20top%2054f495bb04a842ef99d10393db46bdc1.csv), Contests/Search: “Ongoing” button unchecked by default (Tasks%203cedf6b06b594c01bf3f3aa538d60459/Contests%20Search%20%E2%80%9COngoing%E2%80%9D%20button%20unchecked%20by%20defa%202d1330fb160743e5bee6af804ce11b9d.csv), Privacy: All dev contests private (Tasks%203cedf6b06b594c01bf3f3aa538d60459/Privacy%20All%20dev%20contests%20private%20336654aeada7463d8d5c9f2dea269fc3.csv), Home page: Fix formatting on mobile, “do whatever you want” (Tasks%203cedf6b06b594c01bf3f3aa538d60459/Home%20page%20Fix%20formatting%20on%20mobile,%20%E2%80%9Cdo%20whatever%20y%20cfa801a8f1b2437e9f570c44fbc3c3c4.csv), Validation method: None (Tasks%203cedf6b06b594c01bf3f3aa538d60459/Validation%20method%20None%20586f0a5a69864b4da1f0915bbd7a5c47.csv), Search bar functionality in Transfer Ownership Menu (Tasks%203cedf6b06b594c01bf3f3aa538d60459/Search%20bar%20functionality%20in%20Transfer%20Ownership%20Men%2058aff8e98e37498c841572b579fee2fc.csv), Disable search missions tab for launch (Tasks%203cedf6b06b594c01bf3f3aa538d60459/Disable%20search%20missions%20tab%20for%20launch%20d2a63c0b79a34daa9e6d7346a10afca2.csv), Help info bubbles (Tasks%203cedf6b06b594c01bf3f3aa538d60459/Help%20info%20bubbles%206589a622b0c14a6db4c623d80b8ebdef.csv), Add dashed border to which is you in Judges list (Tasks%203cedf6b06b594c01bf3f3aa538d60459/Add%20dashed%20border%20to%20which%20is%20you%20in%20Judges%20list%206dff8d73a6d84f0daa0abc1cdf3df804.csv), Add auto accept to when you try to add yourself as a judge (Tasks%203cedf6b06b594c01bf3f3aa538d60459/Add%20auto%20accept%20to%20when%20you%20try%20to%20add%20yourself%20as%2063bc62f608444b49aa1433ca884a3046.csv), Bug: you can submit if you are the host of a contest but not a judge (Tasks%203cedf6b06b594c01bf3f3aa538d60459/Bug%20you%20can%20submit%20if%20you%20are%20the%20host%20of%20a%20contes%205766d5e45e714c589497f88360df64e7.csv), Bug: fix your submissions menu so that you can’t try to edit or delete approved submissions or UserListUpload submissions (Tasks%203cedf6b06b594c01bf3f3aa538d60459/Bug%20fix%20your%20submissions%20menu%20so%20that%20you%20can%E2%80%99t%20tr%20f391263c148640ceae149c2e2b435214.csv), Allow use of links in mission desc (Tasks%203cedf6b06b594c01bf3f3aa538d60459/Allow%20use%20of%20links%20in%20mission%20desc%20702b58413a1c46aa8b9b00fb3ee14e05.csv), Bug: need to hide goToTop button when viewing mission (Tasks%203cedf6b06b594c01bf3f3aa538d60459/Bug%20need%20to%20hide%20goToTop%20button%20when%20viewing%20missi%204ea137e1ce034c47be4233f5ceb730d2.csv), Bug: when creating popup/menu and then creating another one while the other is open it will forget the last scroll position after closing them (Tasks%203cedf6b06b594c01bf3f3aa538d60459/Bug%20when%20creating%20popup%20menu%20and%20then%20creating%20ano%202cee54769e5844d19d1af8ef9e28524e.csv), Add red indication bubble onto missions that have judge invites from view contest page (Tasks%203cedf6b06b594c01bf3f3aa538d60459/Add%20red%20indication%20bubble%20onto%20missions%20that%20have%20%20448df6df596d4d0fb17ac10b885af651.csv), Fix some view contest media queries (Tasks%203cedf6b06b594c01bf3f3aa538d60459/Fix%20some%20view%20contest%20media%20queries%200eebf2e6310447ad94da9ab38ee9f0df.csv), Fix grid list in tablet view (Tasks%203cedf6b06b594c01bf3f3aa538d60459/Fix%20grid%20list%20in%20tablet%20view%202af2b03bdf62406fb48d357d04d85d20.csv), Bug: open multiple delete mission popups (Tasks%203cedf6b06b594c01bf3f3aa538d60459/Bug%20open%20multiple%20delete%20mission%20popups%20445db4d1591347218d119fa651529549.csv), Disable create contest button if number of contests hosted is equal to user.maxContestsCanHost (Tasks%203cedf6b06b594c01bf3f3aa538d60459/Disable%20create%20contest%20button%20if%20number%20of%20contest%20425ca889a2704b93bcba22747debfa91.csv), Fix accent-primary to work across themes (Tasks%203cedf6b06b594c01bf3f3aa538d60459/Fix%20accent-primary%20to%20work%20across%20themes%20a5c4bc3ce4fb4a4c853a54c5df7b1b6d.csv), Fix go to top button on safari (Tasks%203cedf6b06b594c01bf3f3aa538d60459/Fix%20go%20to%20top%20button%20on%20safari%20d3ea0120a34e4ae5bd133e156d1aab8e.csv), Notifications: Change read status behavior (Tasks%203cedf6b06b594c01bf3f3aa538d60459/Notifications%20Change%20read%20status%20behavior%20dc171f988271465185b99f75d877b2ee.csv), Evaluate Join Requests Menu xD (Tasks%203cedf6b06b594c01bf3f3aa538d60459/Evaluate%20Join%20Requests%20Menu%20xD%20c40d75dee47a4451a35893650d8384ae.csv), Bug: joining or request joining contest takes you to search contests page (Tasks%203cedf6b06b594c01bf3f3aa538d60459/Bug%20joining%20or%20request%20joining%20contest%20takes%20you%20t%20057ff32eb6ae44d4b0bfa09fc606f0fc.csv), Add sort by contestant amt (Tasks%203cedf6b06b594c01bf3f3aa538d60459/Add%20sort%20by%20contestant%20amt%20a3ccc0eb52f7481b93df8e95a725bf31.csv), Default sort contests by contestant amt (Tasks%203cedf6b06b594c01bf3f3aa538d60459/Default%20sort%20contests%20by%20contestant%20amt%2085285bb1124c47a68d32284c6359be27.csv), Fix up leave contest popup (Tasks%203cedf6b06b594c01bf3f3aa538d60459/Fix%20up%20leave%20contest%20popup%2048adb8633ab94d6ca3e6e6c29c288ad0.csv), Fix order button in the wrong direction (Tasks%203cedf6b06b594c01bf3f3aa538d60459/Fix%20order%20button%20in%20the%20wrong%20direction%204025a1cba4634786be3a119aee4b9f88.csv), Prevent submitting when not within time window (Tasks%203cedf6b06b594c01bf3f3aa538d60459/Prevent%20submitting%20when%20not%20within%20time%20window%20fcba2ccf292c4008ab461c93ff37ca95.csv), Bug: when editing mission details it changes to TextUpload (Tasks%203cedf6b06b594c01bf3f3aa538d60459/Bug%20when%20editing%20mission%20details%20it%20changes%20to%20Tex%209ba4b20785ca45b285e9074da7ada06b.csv), Bug: you can request to join private contest (Tasks%203cedf6b06b594c01bf3f3aa538d60459/Bug%20you%20can%20request%20to%20join%20private%20contest%2032d7d102c69c45efb6273c805eb2f846.csv), Bug: you can try to join a contest that you are judging within (Tasks%203cedf6b06b594c01bf3f3aa538d60459/Bug%20you%20can%20try%20to%20join%20a%20contest%20that%20you%20are%20jud%203f06de1724644ce1b9a4771c7827c118.csv), We may want to display the validation method somewhere in the mission modal so hosts can see what it currently set as. (Tasks%203cedf6b06b594c01bf3f3aa538d60459/We%20may%20want%20to%20display%20the%20validation%20method%20somew%201583f63f549b47a0b3c68a29877e5774.csv), Badge Labels (Tasks%203cedf6b06b594c01bf3f3aa538d60459/Badge%20Labels%209f207b08b01b44dca95e31d83a2d4476.csv), ValidationMethod Badges (Tasks%203cedf6b06b594c01bf3f3aa538d60459/ValidationMethod%20Badges%20b84c255d2fa043b4851588c01f20083e.csv), Make Mint Slate default dark theme (Tasks%203cedf6b06b594c01bf3f3aa538d60459/Make%20Mint%20Slate%20default%20dark%20theme%200a28340592c44fb990ccbce54aaf5dac.csv), Show most recent created missions first? (Tasks%203cedf6b06b594c01bf3f3aa538d60459/Show%20most%20recent%20created%20missions%20first%20cd3b986c2875466283df29047db359a5.csv), “This contest has ended” header on schedule card (Tasks%203cedf6b06b594c01bf3f3aa538d60459/%E2%80%9CThis%20contest%20has%20ended%E2%80%9D%20header%20on%20schedule%20card%200a17200c12b04bf7bbac33abfdb01cd1.csv), Bug: remove evaluate join requests from private contest (Tasks%203cedf6b06b594c01bf3f3aa538d60459/Bug%20remove%20evaluate%20join%20requests%20from%20private%20con%20e9faa721662d4041b917d799c7559dba.csv), Bug: fix not iterable error in showResults (Tasks%203cedf6b06b594c01bf3f3aa538d60459/Bug%20fix%20not%20iterable%20error%20in%20showResults%20c38ff1742d6f4c72b162da30bf0f9281.csv), Disable edit submission when not within submission window (Tasks%203cedf6b06b594c01bf3f3aa538d60459/Disable%20edit%20submission%20when%20not%20within%20submission%20875acbdedfaf476088fb8c62b291c246.csv), Bug: images overflow in viewing submissions (Tasks%203cedf6b06b594c01bf3f3aa538d60459/Bug%20images%20overflow%20in%20viewing%20submissions%20a80305aee4c044a59cc755452b6fe6a2.csv), Show more button on view contest page for contest desc and prize (Tasks%203cedf6b06b594c01bf3f3aa538d60459/Show%20more%20button%20on%20view%20contest%20page%20for%20contest%20%20fcae0b91a33141739b55786d87bddc2a.csv)",