Task name,Status,Assignee,Finished,Priority,Tags,Project,Parent-task,Sub-tasks
Profile,Done,Tate Martin,,,,2 - May 15 - May 29 (Sprints%20d3ab014ae4024c96a1e8ffc2fb453e64/2%20-%20May%2015%20-%20May%2029%2001e055e8dccc4a73b5dd8e3aaee2cbad.csv),,Edit Profile Mode (Tasks%203cedf6b06b594c01bf3f3aa538d60459/Edit%20Profile%20Mode%20eda00cd8354e46febe56afa38a5a819b.csv)
Edit Profile Mode,Done,Caleb Early,,,,2 - May 15 - May 29 (Sprints%20d3ab014ae4024c96a1e8ffc2fb453e64/2%20-%20May%2015%20-%20May%2029%2001e055e8dccc4a73b5dd8e3aaee2cbad.csv),Profile (Tasks%203cedf6b06b594c01bf3f3aa538d60459/Profile%20397b5d0556654250b757eb74b5e37b0d.csv),
Create Contest,Done,Caleb Early,,,,2 - May 15 - May 29 (Sprints%20d3ab014ae4024c96a1e8ffc2fb453e64/2%20-%20May%2015%20-%20May%2029%2001e055e8dccc4a73b5dd8e3aaee2cbad.csv),,
View Contest,Done,Caleb Early,,,,2 - May 15 - May 29 (Sprints%20d3ab014ae4024c96a1e8ffc2fb453e64/2%20-%20May%2015%20-%20May%2029%2001e055e8dccc4a73b5dd8e3aaee2cbad.csv),,"Core Page Layout (Tasks%203cedf6b06b594c01bf3f3aa538d60459/Core%20Page%20Layout%20c318aa803057494aa8148b619cf86965.csv), Leaderboard (Tasks%203cedf6b06b594c01bf3f3aa538d60459/Leaderboard%20dd7cda071f094c40980a4b0e8af5d6b3.csv), Title and Description (Tasks%203cedf6b06b594c01bf3f3aa538d60459/Title%20and%20Description%20e04dda42700f4bb085f057d0e2d3ada9.csv), Participant List (Tasks%203cedf6b06b594c01bf3f3aa538d60459/Participant%20List%207a004141a5964654b26ff1efa6d85e9f.csv), Available Mission List (Tasks%203cedf6b06b594c01bf3f3aa538d60459/Available%20Mission%20List%204c592e25ba204d57b52c3cb6dabd965d.csv)"
Leaderboard,Done,,,,,2 - May 15 - May 29 (Sprints%20d3ab014ae4024c96a1e8ffc2fb453e64/2%20-%20May%2015%20-%20May%2029%2001e055e8dccc4a73b5dd8e3aaee2cbad.csv),View Contest (Tasks%203cedf6b06b594c01bf3f3aa538d60459/View%20Contest%20cd246d1c7b46459a9545ffb1337a45ef.csv),
Title and Description,Done,,,,,2 - May 15 - May 29 (Sprints%20d3ab014ae4024c96a1e8ffc2fb453e64/2%20-%20May%2015%20-%20May%2029%2001e055e8dccc4a73b5dd8e3aaee2cbad.csv),View Contest (Tasks%203cedf6b06b594c01bf3f3aa538d60459/View%20Contest%20cd246d1c7b46459a9545ffb1337a45ef.csv),
Participant List,Done,,,,,2 - May 15 - May 29 (Sprints%20d3ab014ae4024c96a1e8ffc2fb453e64/2%20-%20May%2015%20-%20May%2029%2001e055e8dccc4a73b5dd8e3aaee2cbad.csv),View Contest (Tasks%203cedf6b06b594c01bf3f3aa538d60459/View%20Contest%20cd246d1c7b46459a9545ffb1337a45ef.csv),
Available Mission List,Done,,"June 26, 2023",,,2 - May 15 - May 29 (Sprints%20d3ab014ae4024c96a1e8ffc2fb453e64/2%20-%20May%2015%20-%20May%2029%2001e055e8dccc4a73b5dd8e3aaee2cbad.csv),View Contest (Tasks%203cedf6b06b594c01bf3f3aa538d60459/View%20Contest%20cd246d1c7b46459a9545ffb1337a45ef.csv),
Core Page Layout,Done,Caleb Early,,,,2 - May 15 - May 29 (Sprints%20d3ab014ae4024c96a1e8ffc2fb453e64/2%20-%20May%2015%20-%20May%2029%2001e055e8dccc4a73b5dd8e3aaee2cbad.csv),View Contest (Tasks%203cedf6b06b594c01bf3f3aa538d60459/View%20Contest%20cd246d1c7b46459a9545ffb1337a45ef.csv),
Search Contests,Done,Caleb Early,,,,2 - May 15 - May 29 (Sprints%20d3ab014ae4024c96a1e8ffc2fb453e64/2%20-%20May%2015%20-%20May%2029%2001e055e8dccc4a73b5dd8e3aaee2cbad.csv),,
Header (Mobile),Done,Paul Bauer,,,,2 - May 15 - May 29 (Sprints%20d3ab014ae4024c96a1e8ffc2fb453e64/2%20-%20May%2015%20-%20May%2029%2001e055e8dccc4a73b5dd8e3aaee2cbad.csv),,
"Notifications ",Done,Paul Bauer,,,,3 - May 29 - June 12 (Sprints%20d3ab014ae4024c96a1e8ffc2fb453e64/3%20-%20May%2029%20-%20June%2012%20778aafbd42264e25b6bbbe49d20b3e11.csv),,
List of Contests Created,Done,Caleb Early,,,,3 - May 29 - June 12 (Sprints%20d3ab014ae4024c96a1e8ffc2fb453e64/3%20-%20May%2029%20-%20June%2012%20778aafbd42264e25b6bbbe49d20b3e11.csv),,
List of Contests a part of,Done,Caleb Early,,,,3 - May 29 - June 12 (Sprints%20d3ab014ae4024c96a1e8ffc2fb453e64/3%20-%20May%2029%20-%20June%2012%20778aafbd42264e25b6bbbe49d20b3e11.csv),,
Join/Request a Contest,Done,"Tate Martin, Caleb Early",,,,3 - May 29 - June 12 (Sprints%20d3ab014ae4024c96a1e8ffc2fb453e64/3%20-%20May%2029%20-%20June%2012%20778aafbd42264e25b6bbbe49d20b3e11.csv),,
Accept an invitation,Done,,,,,3 - May 29 - June 12 (Sprints%20d3ab014ae4024c96a1e8ffc2fb453e64/3%20-%20May%2029%20-%20June%2012%20778aafbd42264e25b6bbbe49d20b3e11.csv),,
Pending requests,Done,Caleb Early,,,,3 - May 29 - June 12 (Sprints%20d3ab014ae4024c96a1e8ffc2fb453e64/3%20-%20May%2029%20-%20June%2012%20778aafbd42264e25b6bbbe49d20b3e11.csv),,
Fix Date Format,Done,Caleb Early,,,,3 - May 29 - June 12 (Sprints%20d3ab014ae4024c96a1e8ffc2fb453e64/3%20-%20May%2029%20-%20June%2012%20778aafbd42264e25b6bbbe49d20b3e11.csv),,
View Mission,Done,Caleb Early,,,,4 - June 12 - June 26 (Sprints%20d3ab014ae4024c96a1e8ffc2fb453e64/4%20-%20June%2012%20-%20June%2026%20e10ed46dfd6045babfaf579984dfef3e.csv),,
View Missions List,Done,Caleb Early,,,,4 - June 12 - June 26 (Sprints%20d3ab014ae4024c96a1e8ffc2fb453e64/4%20-%20June%2012%20-%20June%2026%20e10ed46dfd6045babfaf579984dfef3e.csv),,
Delete Contest,Done,Caleb Early,,,,4 - June 12 - June 26 (Sprints%20d3ab014ae4024c96a1e8ffc2fb453e64/4%20-%20June%2012%20-%20June%2026%20e10ed46dfd6045babfaf579984dfef3e.csv),,
Create Mission,Done,,,,,4 - June 12 - June 26 (Sprints%20d3ab014ae4024c96a1e8ffc2fb453e64/4%20-%20June%2012%20-%20June%2026%20e10ed46dfd6045babfaf579984dfef3e.csv),,
Notification List,Done,Paul Bauer,,,,4 - June 12 - June 26 (Sprints%20d3ab014ae4024c96a1e8ffc2fb453e64/4%20-%20June%2012%20-%20June%2026%20e10ed46dfd6045babfaf579984dfef3e.csv),,
Check Score,Done,,,,,4 - June 12 - June 26 (Sprints%20d3ab014ae4024c96a1e8ffc2fb453e64/4%20-%20June%2012%20-%20June%2026%20e10ed46dfd6045babfaf579984dfef3e.csv),,
Submit Mission,Done,,,,,4 - June 12 - June 26 (Sprints%20d3ab014ae4024c96a1e8ffc2fb453e64/4%20-%20June%2012%20-%20June%2026%20e10ed46dfd6045babfaf579984dfef3e.csv),,
Fix Nav Menu Positioning,Done,Caleb Early,,,,4 - June 12 - June 26 (Sprints%20d3ab014ae4024c96a1e8ffc2fb453e64/4%20-%20June%2012%20-%20June%2026%20e10ed46dfd6045babfaf579984dfef3e.csv),,
Common Design Principles,Done,,,,,1 - May 1 - May 14 (Sprints%20d3ab014ae4024c96a1e8ffc2fb453e64/1%20-%20May%201%20-%20May%2014%200732cbba993e4117997f2940e183f8a3.csv),,
CSS Framework,Done,,,High,,1 - May 1 - May 14 (Sprints%20d3ab014ae4024c96a1e8ffc2fb453e64/1%20-%20May%201%20-%20May%2014%200732cbba993e4117997f2940e183f8a3.csv),,
Error Notifications,Done,Butler Frank,,Low,,1 - May 1 - May 14 (Sprints%20d3ab014ae4024c96a1e8ffc2fb453e64/1%20-%20May%201%20-%20May%2014%200732cbba993e4117997f2940e183f8a3.csv),,
Header Bar,Done,Paul Bauer,,High,Mobile & Desktop,1 - May 1 - May 14 (Sprints%20d3ab014ae4024c96a1e8ffc2fb453e64/1%20-%20May%201%20-%20May%2014%200732cbba993e4117997f2940e183f8a3.csv),,"Determine flow map (Tasks%203cedf6b06b594c01bf3f3aa538d60459/Determine%20flow%20map%20551660e901aa4c6c9a424722413ddba7.csv), Create basic homepage header (Tasks%203cedf6b06b594c01bf3f3aa538d60459/Create%20basic%20homepage%20header%2095f48941fdc442bca59e4a6cf3abc512.csv)"
Layout Templates,Done,,,High,,1 - May 1 - May 14 (Sprints%20d3ab014ae4024c96a1e8ffc2fb453e64/1%20-%20May%201%20-%20May%2014%200732cbba993e4117997f2940e183f8a3.csv),,Choose a color theme and font (Tasks%203cedf6b06b594c01bf3f3aa538d60459/Choose%20a%20color%20theme%20and%20font%2096b239d1fa0f480f8f99be8dcb7f7725.csv)
Log In Page,Done,Tate Martin,,Low,,1 - May 1 - May 14 (Sprints%20d3ab014ae4024c96a1e8ffc2fb453e64/1%20-%20May%201%20-%20May%2014%200732cbba993e4117997f2940e183f8a3.csv),,TS - Communication with Server (Tasks%203cedf6b06b594c01bf3f3aa538d60459/TS%20-%20Communication%20with%20Server%20e0fd49733fb64d078099c27b5a96f01a.csv)
Log Out Page,Done,,"July 7, 2023",,,1 - May 1 - May 14 (Sprints%20d3ab014ae4024c96a1e8ffc2fb453e64/1%20-%20May%201%20-%20May%2014%200732cbba993e4117997f2940e183f8a3.csv),,
Sign Up Page,Done,"Tate Martin, Caleb Early",,Medium,,1 - May 1 - May 14 (Sprints%20d3ab014ae4024c96a1e8ffc2fb453e64/1%20-%20May%201%20-%20May%2014%200732cbba993e4117997f2940e183f8a3.csv),,
TS - Communication with Server,Done,Caleb Early,,,,1 - May 1 - May 14 (Sprints%20d3ab014ae4024c96a1e8ffc2fb453e64/1%20-%20May%201%20-%20May%2014%200732cbba993e4117997f2940e183f8a3.csv),Log In Page (Tasks%203cedf6b06b594c01bf3f3aa538d60459/Log%20In%20Page%20e9f66d2c46724280a655a6e6e160a592.csv),
Choose a color theme and font,Done,"Paul Bauer, Caleb Early",,Medium,,1 - May 1 - May 14 (Sprints%20d3ab014ae4024c96a1e8ffc2fb453e64/1%20-%20May%201%20-%20May%2014%200732cbba993e4117997f2940e183f8a3.csv),Layout Templates (Tasks%203cedf6b06b594c01bf3f3aa538d60459/Layout%20Templates%207207549239d543a281e303949a167bb4.csv),
Create basic homepage header,Done,,,,Mobile & Desktop,1 - May 1 - May 14 (Sprints%20d3ab014ae4024c96a1e8ffc2fb453e64/1%20-%20May%201%20-%20May%2014%200732cbba993e4117997f2940e183f8a3.csv),Header Bar (Tasks%203cedf6b06b594c01bf3f3aa538d60459/Header%20Bar%2005ad96bd39284ee7b285582db6d2dc21.csv),
Determine flow map,Done,,,High,Mobile & Desktop,1 - May 1 - May 14 (Sprints%20d3ab014ae4024c96a1e8ffc2fb453e64/1%20-%20May%201%20-%20May%2014%200732cbba993e4117997f2940e183f8a3.csv),Header Bar (Tasks%203cedf6b06b594c01bf3f3aa538d60459/Header%20Bar%2005ad96bd39284ee7b285582db6d2dc21.csv),
Notifications,Done,Paul Bauer,,,,5 - June 26 - July 10 (Sprints%20d3ab014ae4024c96a1e8ffc2fb453e64/5%20-%20June%2026%20-%20July%2010%20e44d54d69e034f9e8fcbee6bc722fc45.csv),,
Generated Header,Done,Caleb Early,,,,5 - June 26 - July 10 (Sprints%20d3ab014ae4024c96a1e8ffc2fb453e64/5%20-%20June%2026%20-%20July%2010%20e44d54d69e034f9e8fcbee6bc722fc45.csv),,
Fix up Login/Signup Pages,Done,Caleb Early,,,,5 - June 26 - July 10 (Sprints%20d3ab014ae4024c96a1e8ffc2fb453e64/5%20-%20June%2026%20-%20July%2010%20e44d54d69e034f9e8fcbee6bc722fc45.csv),,
Contest Leaderboard,Done,,,,,5 - June 26 - July 10 (Sprints%20d3ab014ae4024c96a1e8ffc2fb453e64/5%20-%20June%2026%20-%20July%2010%20e44d54d69e034f9e8fcbee6bc722fc45.csv),,
Delete Mission,Done,,,,,5 - June 26 - July 10 (Sprints%20d3ab014ae4024c96a1e8ffc2fb453e64/5%20-%20June%2026%20-%20July%2010%20e44d54d69e034f9e8fcbee6bc722fc45.csv),,
Menu for Submit Mission (Text),Done,Caleb Early,,,,5 - June 26 - July 10 (Sprints%20d3ab014ae4024c96a1e8ffc2fb453e64/5%20-%20June%2026%20-%20July%2010%20e44d54d69e034f9e8fcbee6bc722fc45.csv),,
Fix Mission Modal,Done,Caleb Early,,,Mobile,5 - June 26 - July 10 (Sprints%20d3ab014ae4024c96a1e8ffc2fb453e64/5%20-%20June%2026%20-%20July%2010%20e44d54d69e034f9e8fcbee6bc722fc45.csv),,
Fix Blue Highlight On Mobile,Done,Caleb Early,,,,5 - June 26 - July 10 (Sprints%20d3ab014ae4024c96a1e8ffc2fb453e64/5%20-%20June%2026%20-%20July%2010%20e44d54d69e034f9e8fcbee6bc722fc45.csv),,
Fix Header Mat-Icon Shifting,Done,Caleb Early,,,,5 - June 26 - July 10 (Sprints%20d3ab014ae4024c96a1e8ffc2fb453e64/5%20-%20June%2026%20-%20July%2010%20e44d54d69e034f9e8fcbee6bc722fc45.csv),,
(Archived) Logout,Done,Caleb Early,,,,5 - June 26 - July 10 (Sprints%20d3ab014ae4024c96a1e8ffc2fb453e64/5%20-%20June%2026%20-%20July%2010%20e44d54d69e034f9e8fcbee6bc722fc45.csv),,
Invite Judge(s) to Contest,Done,Caleb Early,,,,5 - June 26 - July 10 (Sprints%20d3ab014ae4024c96a1e8ffc2fb453e64/5%20-%20June%2026%20-%20July%2010%20e44d54d69e034f9e8fcbee6bc722fc45.csv),,
Search Missions by Name,Done,Caleb Early,,,,5 - June 26 - July 10 (Sprints%20d3ab014ae4024c96a1e8ffc2fb453e64/5%20-%20June%2026%20-%20July%2010%20e44d54d69e034f9e8fcbee6bc722fc45.csv),,
Mission Host Settings Menu,Done,Caleb Early,,,,5 - June 26 - July 10 (Sprints%20d3ab014ae4024c96a1e8ffc2fb453e64/5%20-%20June%2026%20-%20July%2010%20e44d54d69e034f9e8fcbee6bc722fc45.csv),,
Missions Mobile Optimizations,Done,Caleb Early,,,Mobile,5 - June 26 - July 10 (Sprints%20d3ab014ae4024c96a1e8ffc2fb453e64/5%20-%20June%2026%20-%20July%2010%20e44d54d69e034f9e8fcbee6bc722fc45.csv),,
View List of Pending Judge Invites,Done,Caleb Early,,,,5 - June 26 - July 10 (Sprints%20d3ab014ae4024c96a1e8ffc2fb453e64/5%20-%20June%2026%20-%20July%2010%20e44d54d69e034f9e8fcbee6bc722fc45.csv),,
Bug: Users Cannot View participation-request contests,Done,Caleb Early,,,,5 - June 26 - July 10 (Sprints%20d3ab014ae4024c96a1e8ffc2fb453e64/5%20-%20June%2026%20-%20July%2010%20e44d54d69e034f9e8fcbee6bc722fc45.csv),,
Fix searching by page in SearchContests,Done,Caleb Early,"July 22, 2023",,,6 - July 10 - July 24 (Sprints%20d3ab014ae4024c96a1e8ffc2fb453e64/6%20-%20July%2010%20-%20July%2024%201c1fcc442062462699b87051203a242b.csv),,
Fix Text Overflow in Profile Page,Done,Tate Martin,,,,6 - July 10 - July 24 (Sprints%20d3ab014ae4024c96a1e8ffc2fb453e64/6%20-%20July%2010%20-%20July%2024%201c1fcc442062462699b87051203a242b.csv),,
Invite Contestants,Done,,,,,6 - July 10 - July 24 (Sprints%20d3ab014ae4024c96a1e8ffc2fb453e64/6%20-%20July%2010%20-%20July%2024%201c1fcc442062462699b87051203a242b.csv),,
Accept/Deny Invitation to Contest,Done,Caleb Early,,,,6 - July 10 - July 24 (Sprints%20d3ab014ae4024c96a1e8ffc2fb453e64/6%20-%20July%2010%20-%20July%2024%201c1fcc442062462699b87051203a242b.csv),,
Accept/Deny Invitation to Judge,Done,,,,,6 - July 10 - July 24 (Sprints%20d3ab014ae4024c96a1e8ffc2fb453e64/6%20-%20July%2010%20-%20July%2024%201c1fcc442062462699b87051203a242b.csv),,
Submit TextUpload,Done,Caleb Early,"July 23, 2023",,,6 - July 10 - July 24 (Sprints%20d3ab014ae4024c96a1e8ffc2fb453e64/6%20-%20July%2010%20-%20July%2024%201c1fcc442062462699b87051203a242b.csv),,
Submit SingleFileUpload for mission submission,Done,,,,,6 - July 10 - July 24 (Sprints%20d3ab014ae4024c96a1e8ffc2fb453e64/6%20-%20July%2010%20-%20July%2024%201c1fcc442062462699b87051203a242b.csv),,
Fix Pending Requests List,Done,Caleb Early,,,,6 - July 10 - July 24 (Sprints%20d3ab014ae4024c96a1e8ffc2fb453e64/6%20-%20July%2010%20-%20July%2024%201c1fcc442062462699b87051203a242b.csv),,
Fix Pending Requests (Select Functionality),Done,Caleb Early,,,,6 - July 10 - July 24 (Sprints%20d3ab014ae4024c96a1e8ffc2fb453e64/6%20-%20July%2010%20-%20July%2024%201c1fcc442062462699b87051203a242b.csv),,
Fix Request to Join Contest,Done,Caleb Early,,,,6 - July 10 - July 24 (Sprints%20d3ab014ae4024c96a1e8ffc2fb453e64/6%20-%20July%2010%20-%20July%2024%201c1fcc442062462699b87051203a242b.csv),,
Make Search Contests Page More User Friendly,Done,Caleb Early,"July 22, 2023",,,6 - July 10 - July 24 (Sprints%20d3ab014ae4024c96a1e8ffc2fb453e64/6%20-%20July%2010%20-%20July%2024%201c1fcc442062462699b87051203a242b.csv),,
Fix Long Named Contests in Search Contests,Done,Caleb Early,"July 22, 2023",,,6 - July 10 - July 24 (Sprints%20d3ab014ae4024c96a1e8ffc2fb453e64/6%20-%20July%2010%20-%20July%2024%201c1fcc442062462699b87051203a242b.csv),,
View Options in Search Contests,Done,,,,,6 - July 10 - July 24 (Sprints%20d3ab014ae4024c96a1e8ffc2fb453e64/6%20-%20July%2010%20-%20July%2024%201c1fcc442062462699b87051203a242b.csv),,
Update Invite Judge to Mission To New Endpoint,Done,Caleb Early,"July 23, 2023",,,6 - July 10 - July 24 (Sprints%20d3ab014ae4024c96a1e8ffc2fb453e64/6%20-%20July%2010%20-%20July%2024%201c1fcc442062462699b87051203a242b.csv),,
Fix list of Judges Showing [Object object],Done,Caleb Early,"July 23, 2023",,,6 - July 10 - July 24 (Sprints%20d3ab014ae4024c96a1e8ffc2fb453e64/6%20-%20July%2010%20-%20July%2024%201c1fcc442062462699b87051203a242b.csv),,
Delete Mission,Done,Caleb Early,"July 24, 2023",,,6 - July 10 - July 24 (Sprints%20d3ab014ae4024c96a1e8ffc2fb453e64/6%20-%20July%2010%20-%20July%2024%201c1fcc442062462699b87051203a242b.csv),,
Prompt To Confirm If you Want to Log Out,Done,Caleb Early,,,,7 - July 24 - Aug 7 (Sprints%20d3ab014ae4024c96a1e8ffc2fb453e64/7%20-%20July%2024%20-%20Aug%207%2075391c724b484ddfb2428a433d0a1d53.csv),,
Make “Go to Top” button be universal across site,Done,Caleb Early,"July 26, 2023",,,7 - July 24 - Aug 7 (Sprints%20d3ab014ae4024c96a1e8ffc2fb453e64/7%20-%20July%2024%20-%20Aug%207%2075391c724b484ddfb2428a433d0a1d53.csv),,
Fix generated header to be more modular,Done,Caleb Early,"July 26, 2023",,,7 - July 24 - Aug 7 (Sprints%20d3ab014ae4024c96a1e8ffc2fb453e64/7%20-%20July%2024%20-%20Aug%207%2075391c724b484ddfb2428a433d0a1d53.csv),,
Make active page on header move to correct page,Done,Caleb Early,"July 26, 2023",,,7 - July 24 - Aug 7 (Sprints%20d3ab014ae4024c96a1e8ffc2fb453e64/7%20-%20July%2024%20-%20Aug%207%2075391c724b484ddfb2428a433d0a1d53.csv),,
Bug: View Mission on Mobile Doesn’t Scroll,Done,Caleb Early,"July 26, 2023",,,7 - July 24 - Aug 7 (Sprints%20d3ab014ae4024c96a1e8ffc2fb453e64/7%20-%20July%2024%20-%20Aug%207%2075391c724b484ddfb2428a433d0a1d53.csv),,
Fix “Go to Top” Button to go all the way to the top,Done,Caleb Early,"July 26, 2023",,,7 - July 24 - Aug 7 (Sprints%20d3ab014ae4024c96a1e8ffc2fb453e64/7%20-%20July%2024%20-%20Aug%207%2075391c724b484ddfb2428a433d0a1d53.csv),,
Notification Toasts,Done,Paul Bauer,"July 26, 2023",,,7 - July 24 - Aug 7 (Sprints%20d3ab014ae4024c96a1e8ffc2fb453e64/7%20-%20July%2024%20-%20Aug%207%2075391c724b484ddfb2428a433d0a1d53.csv),,
Fix Primary Nav being below view mission,Done,Caleb Early,"July 26, 2023",,,7 - July 24 - Aug 7 (Sprints%20d3ab014ae4024c96a1e8ffc2fb453e64/7%20-%20July%2024%20-%20Aug%207%2075391c724b484ddfb2428a433d0a1d53.csv),,
Fix agree to terms of service button,Done,Caleb Early,,,,7 - July 24 - Aug 7 (Sprints%20d3ab014ae4024c96a1e8ffc2fb453e64/7%20-%20July%2024%20-%20Aug%207%2075391c724b484ddfb2428a433d0a1d53.csv),,
New Design for View Contest,Done,Caleb Early,,,,7 - July 24 - Aug 7 (Sprints%20d3ab014ae4024c96a1e8ffc2fb453e64/7%20-%20July%2024%20-%20Aug%207%2075391c724b484ddfb2428a433d0a1d53.csv),,
Edit Contest Details,Done,Caleb Early,"August 5, 2023",,,7 - July 24 - Aug 7 (Sprints%20d3ab014ae4024c96a1e8ffc2fb453e64/7%20-%20July%2024%20-%20Aug%207%2075391c724b484ddfb2428a433d0a1d53.csv),,
"Bug: Contest name, description, and prize being able to have emojis",Done,Caleb Early,"August 4, 2023",,,7 - July 24 - Aug 7 (Sprints%20d3ab014ae4024c96a1e8ffc2fb453e64/7%20-%20July%2024%20-%20Aug%207%2075391c724b484ddfb2428a433d0a1d53.csv),,
Bug: If popup is opened near bottom it gets cutoff,Done,Caleb Early,"August 4, 2023",,,7 - July 24 - Aug 7 (Sprints%20d3ab014ae4024c96a1e8ffc2fb453e64/7%20-%20July%2024%20-%20Aug%207%2075391c724b484ddfb2428a433d0a1d53.csv),,
Bug: Fixed Join Contest button so that it doesn’t show up for hosts on refresh and is properly displayed,Done,Caleb Early,"August 5, 2023",,,7 - July 24 - Aug 7 (Sprints%20d3ab014ae4024c96a1e8ffc2fb453e64/7%20-%20July%2024%20-%20Aug%207%2075391c724b484ddfb2428a433d0a1d53.csv),,
Notifications: Close noti menu with side menu,Done,Paul Bauer,"August 18, 2023",Low,,8 - Aug 7 - Aug 21 (Sprints%20d3ab014ae4024c96a1e8ffc2fb453e64/8%20-%20Aug%207%20-%20Aug%2021%20d65d6ed3db09427db8f7c113173346bc.csv),,
Notifications: Accept/reject certain invitations,Done,Paul Bauer,"August 16, 2023",High,,8 - Aug 7 - Aug 21 (Sprints%20d3ab014ae4024c96a1e8ffc2fb453e64/8%20-%20Aug%207%20-%20Aug%2021%20d65d6ed3db09427db8f7c113173346bc.csv),,
Notifications: Redirect invitations on noti click,Done,Paul Bauer,"August 17, 2023",Low,,8 - Aug 7 - Aug 21 (Sprints%20d3ab014ae4024c96a1e8ffc2fb453e64/8%20-%20Aug%207%20-%20Aug%2021%20d65d6ed3db09427db8f7c113173346bc.csv),,
Notifications: Mobile formatting,Done,"Paul Bauer, Caleb Early","August 21, 2023",Medium,Mobile,8 - Aug 7 - Aug 21 (Sprints%20d3ab014ae4024c96a1e8ffc2fb453e64/8%20-%20Aug%207%20-%20Aug%2021%20d65d6ed3db09427db8f7c113173346bc.csv),,
Notifications: Add animations for deletion of notis,Done,Paul Bauer,"August 17, 2023",Low,,8 - Aug 7 - Aug 21 (Sprints%20d3ab014ae4024c96a1e8ffc2fb453e64/8%20-%20Aug%207%20-%20Aug%2021%20d65d6ed3db09427db8f7c113173346bc.csv),,
Notifications: Add delete button to all notifications,Done,Paul Bauer,,Medium,,8 - Aug 7 - Aug 21 (Sprints%20d3ab014ae4024c96a1e8ffc2fb453e64/8%20-%20Aug%207%20-%20Aug%2021%20d65d6ed3db09427db8f7c113173346bc.csv),,
Notifications: Finish creating HTML elements for all notis,Done,Paul Bauer,"August 21, 2023",High,,8 - Aug 7 - Aug 21 (Sprints%20d3ab014ae4024c96a1e8ffc2fb453e64/8%20-%20Aug%207%20-%20Aug%2021%20d65d6ed3db09427db8f7c113173346bc.csv),,
Toast Notifications: Modify behavior,Done,"Paul Bauer, Eric","August 20, 2023",Medium,,8 - Aug 7 - Aug 21 (Sprints%20d3ab014ae4024c96a1e8ffc2fb453e64/8%20-%20Aug%207%20-%20Aug%2021%20d65d6ed3db09427db8f7c113173346bc.csv),,
Notifications: Implement “read” and “unread” notis,Done,Paul Bauer,,Low,,8 - Aug 7 - Aug 21 (Sprints%20d3ab014ae4024c96a1e8ffc2fb453e64/8%20-%20Aug%207%20-%20Aug%2021%20d65d6ed3db09427db8f7c113173346bc.csv),,
Notifications: Add date to notifications.,Done,Paul Bauer,,Low,,8 - Aug 7 - Aug 21 (Sprints%20d3ab014ae4024c96a1e8ffc2fb453e64/8%20-%20Aug%207%20-%20Aug%2021%20d65d6ed3db09427db8f7c113173346bc.csv),,
Notifications: Add confirmation for accept/reject action,Done,Paul Bauer,,Low,,8 - Aug 7 - Aug 21 (Sprints%20d3ab014ae4024c96a1e8ffc2fb453e64/8%20-%20Aug%207%20-%20Aug%2021%20d65d6ed3db09427db8f7c113173346bc.csv),,
"Notifications: make toast, manage, triangle work when scrolled down page",Done,Caleb Early,"August 20, 2023",,,8 - Aug 7 - Aug 21 (Sprints%20d3ab014ae4024c96a1e8ffc2fb453e64/8%20-%20Aug%207%20-%20Aug%2021%20d65d6ed3db09427db8f7c113173346bc.csv),,
Single File Upload,Done,Caleb Early,"August 7, 2023",,,8 - Aug 7 - Aug 21 (Sprints%20d3ab014ae4024c96a1e8ffc2fb453e64/8%20-%20Aug%207%20-%20Aug%2021%20d65d6ed3db09427db8f7c113173346bc.csv),,
Edit/Update Mission Properties,Done,Caleb Early,"August 7, 2023",,,8 - Aug 7 - Aug 21 (Sprints%20d3ab014ae4024c96a1e8ffc2fb453e64/8%20-%20Aug%207%20-%20Aug%2021%20d65d6ed3db09427db8f7c113173346bc.csv),,
"Manage Contestants (Remove/Ban, Unban)",Done,Caleb Early,"August 12, 2023",,,8 - Aug 7 - Aug 21 (Sprints%20d3ab014ae4024c96a1e8ffc2fb453e64/8%20-%20Aug%207%20-%20Aug%2021%20d65d6ed3db09427db8f7c113173346bc.csv),,
Fix Leaderboard for Tied Contestants,Done,Caleb Early,"August 10, 2023",,,8 - Aug 7 - Aug 21 (Sprints%20d3ab014ae4024c96a1e8ffc2fb453e64/8%20-%20Aug%207%20-%20Aug%2021%20d65d6ed3db09427db8f7c113173346bc.csv),,
Clean up index.html. It aint perfect but good enough for now.,Done,Eric,"August 13, 2023",,,8 - Aug 7 - Aug 21 (Sprints%20d3ab014ae4024c96a1e8ffc2fb453e64/8%20-%20Aug%207%20-%20Aug%2021%20d65d6ed3db09427db8f7c113173346bc.csv),,
Redirect users with successful Login to contests/search,Done,Eric,"August 11, 2023",,,8 - Aug 7 - Aug 21 (Sprints%20d3ab014ae4024c96a1e8ffc2fb453e64/8%20-%20Aug%207%20-%20Aug%2021%20d65d6ed3db09427db8f7c113173346bc.csv),,
"If navigating to contests or profile pages and not logged in, redirect to login page",Done,Eric,"August 11, 2023",,,8 - Aug 7 - Aug 21 (Sprints%20d3ab014ae4024c96a1e8ffc2fb453e64/8%20-%20Aug%207%20-%20Aug%2021%20d65d6ed3db09427db8f7c113173346bc.csv),,
"Removed default values for create contest title, desc, point value.",Done,Eric,"August 11, 2023",,,8 - Aug 7 - Aug 21 (Sprints%20d3ab014ae4024c96a1e8ffc2fb453e64/8%20-%20Aug%207%20-%20Aug%2021%20d65d6ed3db09427db8f7c113173346bc.csv),,
Added Terms of Service and Privacy Policy,Done,Eric,"August 12, 2023",,,8 - Aug 7 - Aug 21 (Sprints%20d3ab014ae4024c96a1e8ffc2fb453e64/8%20-%20Aug%207%20-%20Aug%2021%20d65d6ed3db09427db8f7c113173346bc.csv),,
Add error message when unsuccessful login,Done,Eric,"August 13, 2023",,,8 - Aug 7 - Aug 21 (Sprints%20d3ab014ae4024c96a1e8ffc2fb453e64/8%20-%20Aug%207%20-%20Aug%2021%20d65d6ed3db09427db8f7c113173346bc.csv),,
Added link to resend verification email,Done,"Eric, Caleb Early","August 13, 2023",,,8 - Aug 7 - Aug 21 (Sprints%20d3ab014ae4024c96a1e8ffc2fb453e64/8%20-%20Aug%207%20-%20Aug%2021%20d65d6ed3db09427db8f7c113173346bc.csv),,
Added format to phone in signup page,Done,Eric,"August 13, 2023",,,8 - Aug 7 - Aug 21 (Sprints%20d3ab014ae4024c96a1e8ffc2fb453e64/8%20-%20Aug%207%20-%20Aug%2021%20d65d6ed3db09427db8f7c113173346bc.csv),,
Bug: View Mission Div too wide with very long text description,Done,Caleb Early,"August 13, 2023",,,8 - Aug 7 - Aug 21 (Sprints%20d3ab014ae4024c96a1e8ffc2fb453e64/8%20-%20Aug%207%20-%20Aug%2021%20d65d6ed3db09427db8f7c113173346bc.csv),,
Bug: Leaderboard order not sorted by point value,Done,Caleb Early,"August 13, 2023",,,8 - Aug 7 - Aug 21 (Sprints%20d3ab014ae4024c96a1e8ffc2fb453e64/8%20-%20Aug%207%20-%20Aug%2021%20d65d6ed3db09427db8f7c113173346bc.csv),,
Manage Cohosts Menu,Done,Caleb Early,"August 14, 2023",,,8 - Aug 7 - Aug 21 (Sprints%20d3ab014ae4024c96a1e8ffc2fb453e64/8%20-%20Aug%207%20-%20Aug%2021%20d65d6ed3db09427db8f7c113173346bc.csv),,
"Icons for Accepted, Pending, Rejected Submissions",Done,Caleb Early,"August 19, 2023",,,8 - Aug 7 - Aug 21 (Sprints%20d3ab014ae4024c96a1e8ffc2fb453e64/8%20-%20Aug%207%20-%20Aug%2021%20d65d6ed3db09427db8f7c113173346bc.csv),,
"View, Edit, Delete Mission Submissions",Done,Caleb Early,"August 20, 2023",,,8 - Aug 7 - Aug 21 (Sprints%20d3ab014ae4024c96a1e8ffc2fb453e64/8%20-%20Aug%207%20-%20Aug%2021%20d65d6ed3db09427db8f7c113173346bc.csv),,
Made header title keep showing even when on mobile view,Done,Caleb Early,"August 14, 2023",,,8 - Aug 7 - Aug 21 (Sprints%20d3ab014ae4024c96a1e8ffc2fb453e64/8%20-%20Aug%207%20-%20Aug%2021%20d65d6ed3db09427db8f7c113173346bc.csv),,
User Status in Contest,Done,Caleb Early,"August 15, 2023",,,8 - Aug 7 - Aug 21 (Sprints%20d3ab014ae4024c96a1e8ffc2fb453e64/8%20-%20Aug%207%20-%20Aug%2021%20d65d6ed3db09427db8f7c113173346bc.csv),,
Finish Search Criteria,Done,Caleb Early,,,,8 - Aug 7 - Aug 21 (Sprints%20d3ab014ae4024c96a1e8ffc2fb453e64/8%20-%20Aug%207%20-%20Aug%2021%20d65d6ed3db09427db8f7c113173346bc.csv),,
Favorite Contests,Done,Caleb Early,"August 15, 2023",,,8 - Aug 7 - Aug 21 (Sprints%20d3ab014ae4024c96a1e8ffc2fb453e64/8%20-%20Aug%207%20-%20Aug%2021%20d65d6ed3db09427db8f7c113173346bc.csv),,
Bug: Incorrect “Showing Page” with 0 pages of results,Done,Caleb Early,"August 15, 2023",,,8 - Aug 7 - Aug 21 (Sprints%20d3ab014ae4024c96a1e8ffc2fb453e64/8%20-%20Aug%207%20-%20Aug%2021%20d65d6ed3db09427db8f7c113173346bc.csv),,
"Bug: When creating a mission, if there was an error it closes the popup with your changes",Done,Caleb Early,"August 20, 2023",,,8 - Aug 7 - Aug 21 (Sprints%20d3ab014ae4024c96a1e8ffc2fb453e64/8%20-%20Aug%207%20-%20Aug%2021%20d65d6ed3db09427db8f7c113173346bc.csv),,
Bug: Blank screen when trying to visit a contest that was deleted,Done,Caleb Early,"August 15, 2023",,,8 - Aug 7 - Aug 21 (Sprints%20d3ab014ae4024c96a1e8ffc2fb453e64/8%20-%20Aug%207%20-%20Aug%2021%20d65d6ed3db09427db8f7c113173346bc.csv),,
Give Cohosts Host Menu Options,Done,Caleb Early,"August 15, 2023",,,8 - Aug 7 - Aug 21 (Sprints%20d3ab014ae4024c96a1e8ffc2fb453e64/8%20-%20Aug%207%20-%20Aug%2021%20d65d6ed3db09427db8f7c113173346bc.csv),,
More Sort Options & Add Quick Search button for mobile users so they don’t have to scroll back up,Done,Caleb Early,"August 15, 2023",,,8 - Aug 7 - Aug 21 (Sprints%20d3ab014ae4024c96a1e8ffc2fb453e64/8%20-%20Aug%207%20-%20Aug%2021%20d65d6ed3db09427db8f7c113173346bc.csv),,
Remember last search settings when going back to search contests,Done,Caleb Early,"August 16, 2023",,,8 - Aug 7 - Aug 21 (Sprints%20d3ab014ae4024c96a1e8ffc2fb453e64/8%20-%20Aug%207%20-%20Aug%2021%20d65d6ed3db09427db8f7c113173346bc.csv),,
Accept/Reject Invitations from Search Contests Page,Done,Caleb Early,"August 16, 2023",,,8 - Aug 7 - Aug 21 (Sprints%20d3ab014ae4024c96a1e8ffc2fb453e64/8%20-%20Aug%207%20-%20Aug%2021%20d65d6ed3db09427db8f7c113173346bc.csv),,
Finish Features for Judges Panel in View Mission,Done,Caleb Early,"August 16, 2023",,,8 - Aug 7 - Aug 21 (Sprints%20d3ab014ae4024c96a1e8ffc2fb453e64/8%20-%20Aug%207%20-%20Aug%2021%20d65d6ed3db09427db8f7c113173346bc.csv),,
Hidden Themes 👀,Done,Caleb Early,"August 15, 2023",,,8 - Aug 7 - Aug 21 (Sprints%20d3ab014ae4024c96a1e8ffc2fb453e64/8%20-%20Aug%207%20-%20Aug%2021%20d65d6ed3db09427db8f7c113173346bc.csv),,
Fix Contest Name Overflow & Layout,Done,Caleb Early,"August 16, 2023",,,8 - Aug 7 - Aug 21 (Sprints%20d3ab014ae4024c96a1e8ffc2fb453e64/8%20-%20Aug%207%20-%20Aug%2021%20d65d6ed3db09427db8f7c113173346bc.csv),,
Fix Updating Mission Wouldn’t Visually Update the Changes,Done,Caleb Early,"August 16, 2023",,,8 - Aug 7 - Aug 21 (Sprints%20d3ab014ae4024c96a1e8ffc2fb453e64/8%20-%20Aug%207%20-%20Aug%2021%20d65d6ed3db09427db8f7c113173346bc.csv),,
Warning icon if a mission has 0 judges,Done,Caleb Early,"August 16, 2023",,,8 - Aug 7 - Aug 21 (Sprints%20d3ab014ae4024c96a1e8ffc2fb453e64/8%20-%20Aug%207%20-%20Aug%2021%20d65d6ed3db09427db8f7c113173346bc.csv),,
Evaluate/Adjudicate Submissions Menu (In View Mission),Done,Caleb Early,"August 20, 2023",,,8 - Aug 7 - Aug 21 (Sprints%20d3ab014ae4024c96a1e8ffc2fb453e64/8%20-%20Aug%207%20-%20Aug%2021%20d65d6ed3db09427db8f7c113173346bc.csv),,
"Invite Contestants Menu, Finally after all this time",Done,Caleb Early,"August 17, 2023",,,8 - Aug 7 - Aug 21 (Sprints%20d3ab014ae4024c96a1e8ffc2fb453e64/8%20-%20Aug%207%20-%20Aug%2021%20d65d6ed3db09427db8f7c113173346bc.csv),,
Added reset password to login,Done,Eric,"August 16, 2023",,,8 - Aug 7 - Aug 21 (Sprints%20d3ab014ae4024c96a1e8ffc2fb453e64/8%20-%20Aug%207%20-%20Aug%2021%20d65d6ed3db09427db8f7c113173346bc.csv),,
Red Notify Dot for Invitations on Search Contests Page,Done,Caleb Early,"August 16, 2023",,,8 - Aug 7 - Aug 21 (Sprints%20d3ab014ae4024c96a1e8ffc2fb453e64/8%20-%20Aug%207%20-%20Aug%2021%20d65d6ed3db09427db8f7c113173346bc.csv),,
View Contest with MissionId in query string,Done,Caleb Early,"August 16, 2023",,,8 - Aug 7 - Aug 21 (Sprints%20d3ab014ae4024c96a1e8ffc2fb453e64/8%20-%20Aug%207%20-%20Aug%2021%20d65d6ed3db09427db8f7c113173346bc.csv),,
Search By Mission (Without Contest),Archived,,,,,8 - Aug 7 - Aug 21 (Sprints%20d3ab014ae4024c96a1e8ffc2fb453e64/8%20-%20Aug%207%20-%20Aug%2021%20d65d6ed3db09427db8f7c113173346bc.csv),,
Transfer Ownership Menu,Done,Caleb Early,,,,8 - Aug 7 - Aug 21 (Sprints%20d3ab014ae4024c96a1e8ffc2fb453e64/8%20-%20Aug%207%20-%20Aug%2021%20d65d6ed3db09427db8f7c113173346bc.csv),,
Filter Mission on View Contest Page,Done,Caleb Early,"August 20, 2023",,,8 - Aug 7 - Aug 21 (Sprints%20d3ab014ae4024c96a1e8ffc2fb453e64/8%20-%20Aug%207%20-%20Aug%2021%20d65d6ed3db09427db8f7c113173346bc.csv),,
Popup in different directions,Done,Caleb Early,"August 16, 2023",,,8 - Aug 7 - Aug 21 (Sprints%20d3ab014ae4024c96a1e8ffc2fb453e64/8%20-%20Aug%207%20-%20Aug%2021%20d65d6ed3db09427db8f7c113173346bc.csv),,
Accept/Reject judge invitation from mission menu,Done,Caleb Early,"August 20, 2023",,,8 - Aug 7 - Aug 21 (Sprints%20d3ab014ae4024c96a1e8ffc2fb453e64/8%20-%20Aug%207%20-%20Aug%2021%20d65d6ed3db09427db8f7c113173346bc.csv),,
User List Upload,Done,Caleb Early,,,,8 - Aug 7 - Aug 21 (Sprints%20d3ab014ae4024c96a1e8ffc2fb453e64/8%20-%20Aug%207%20-%20Aug%2021%20d65d6ed3db09427db8f7c113173346bc.csv),,
View Mission Column Readjusting,Done,Caleb Early,"August 18, 2023",,,8 - Aug 7 - Aug 21 (Sprints%20d3ab014ae4024c96a1e8ffc2fb453e64/8%20-%20Aug%207%20-%20Aug%2021%20d65d6ed3db09427db8f7c113173346bc.csv),,
Include time for dates on missions,Done,Caleb Early,"August 19, 2023",,,8 - Aug 7 - Aug 21 (Sprints%20d3ab014ae4024c96a1e8ffc2fb453e64/8%20-%20Aug%207%20-%20Aug%2021%20d65d6ed3db09427db8f7c113173346bc.csv),,
Fix View Mission & Popups on Firefox,Done,Caleb Early,"August 19, 2023",,,8 - Aug 7 - Aug 21 (Sprints%20d3ab014ae4024c96a1e8ffc2fb453e64/8%20-%20Aug%207%20-%20Aug%2021%20d65d6ed3db09427db8f7c113173346bc.csv),,
Soloed createMenu & Go Back to Previous Menus,Done,Caleb Early,"August 19, 2023",,,8 - Aug 7 - Aug 21 (Sprints%20d3ab014ae4024c96a1e8ffc2fb453e64/8%20-%20Aug%207%20-%20Aug%2021%20d65d6ed3db09427db8f7c113173346bc.csv),,
n/N Submissions Done,Done,Caleb Early,"August 19, 2023",,,8 - Aug 7 - Aug 21 (Sprints%20d3ab014ae4024c96a1e8ffc2fb453e64/8%20-%20Aug%207%20-%20Aug%2021%20d65d6ed3db09427db8f7c113173346bc.csv),,
Add Icons to Submit for Mission,Done,Caleb Early,"August 19, 2023",,,8 - Aug 7 - Aug 21 (Sprints%20d3ab014ae4024c96a1e8ffc2fb453e64/8%20-%20Aug%207%20-%20Aug%2021%20d65d6ed3db09427db8f7c113173346bc.csv),,
Results Menus,Done,Caleb Early,,,,8 - Aug 7 - Aug 21 (Sprints%20d3ab014ae4024c96a1e8ffc2fb453e64/8%20-%20Aug%207%20-%20Aug%2021%20d65d6ed3db09427db8f7c113173346bc.csv),,
Use standard Are you sure popup in more places,Done,Caleb Early,"August 20, 2023",,,8 - Aug 7 - Aug 21 (Sprints%20d3ab014ae4024c96a1e8ffc2fb453e64/8%20-%20Aug%207%20-%20Aug%2021%20d65d6ed3db09427db8f7c113173346bc.csv),,
Bug: Your Info Popup is Cutoff the Page,Done,Caleb Early,"August 20, 2023",,,8 - Aug 7 - Aug 21 (Sprints%20d3ab014ae4024c96a1e8ffc2fb453e64/8%20-%20Aug%207%20-%20Aug%2021%20d65d6ed3db09427db8f7c113173346bc.csv),,
Bug: your info btn not showing up unless host,Done,Caleb Early,"August 20, 2023",,,8 - Aug 7 - Aug 21 (Sprints%20d3ab014ae4024c96a1e8ffc2fb453e64/8%20-%20Aug%207%20-%20Aug%2021%20d65d6ed3db09427db8f7c113173346bc.csv),,
Delete Contest: type name to confirm,Done,Caleb Early,"August 20, 2023",,,8 - Aug 7 - Aug 21 (Sprints%20d3ab014ae4024c96a1e8ffc2fb453e64/8%20-%20Aug%207%20-%20Aug%2021%20d65d6ed3db09427db8f7c113173346bc.csv),,
Hide Evaluate Submissions If you aren’t a judge,Done,Caleb Early,,,,8 - Aug 7 - Aug 21 (Sprints%20d3ab014ae4024c96a1e8ffc2fb453e64/8%20-%20Aug%207%20-%20Aug%2021%20d65d6ed3db09427db8f7c113173346bc.csv),,
Bug: Pending count doesn’t update when contestant adds submission,Done,Caleb Early,"August 20, 2023",,,8 - Aug 7 - Aug 21 (Sprints%20d3ab014ae4024c96a1e8ffc2fb453e64/8%20-%20Aug%207%20-%20Aug%2021%20d65d6ed3db09427db8f7c113173346bc.csv),,
Bug: Incorrect number of submissions used on view mission,Done,Caleb Early,"August 20, 2023",,,8 - Aug 7 - Aug 21 (Sprints%20d3ab014ae4024c96a1e8ffc2fb453e64/8%20-%20Aug%207%20-%20Aug%2021%20d65d6ed3db09427db8f7c113173346bc.csv),,
Bug: Refresh Evaluate Submissions menu on submit,Done,Caleb Early,"August 20, 2023",,,8 - Aug 7 - Aug 21 (Sprints%20d3ab014ae4024c96a1e8ffc2fb453e64/8%20-%20Aug%207%20-%20Aug%2021%20d65d6ed3db09427db8f7c113173346bc.csv),,
Bug: update leaderboard after evaluating submissions,Done,Caleb Early,"August 20, 2023",,,8 - Aug 7 - Aug 21 (Sprints%20d3ab014ae4024c96a1e8ffc2fb453e64/8%20-%20Aug%207%20-%20Aug%2021%20d65d6ed3db09427db8f7c113173346bc.csv),,
Bug: update submissionStats after evaluating submissions,Done,Caleb Early,"August 20, 2023",,,8 - Aug 7 - Aug 21 (Sprints%20d3ab014ae4024c96a1e8ffc2fb453e64/8%20-%20Aug%207%20-%20Aug%2021%20d65d6ed3db09427db8f7c113173346bc.csv),,
Fix submissionStats labels,Done,Caleb Early,"August 20, 2023",,,8 - Aug 7 - Aug 21 (Sprints%20d3ab014ae4024c96a1e8ffc2fb453e64/8%20-%20Aug%207%20-%20Aug%2021%20d65d6ed3db09427db8f7c113173346bc.csv),,
Bug: Edit submission not providing file,Done,Caleb Early,"August 20, 2023",,,8 - Aug 7 - Aug 21 (Sprints%20d3ab014ae4024c96a1e8ffc2fb453e64/8%20-%20Aug%207%20-%20Aug%2021%20d65d6ed3db09427db8f7c113173346bc.csv),,
Bug: update userStats after deleting mission,Done,Caleb Early,"August 20, 2023",,,8 - Aug 7 - Aug 21 (Sprints%20d3ab014ae4024c96a1e8ffc2fb453e64/8%20-%20Aug%207%20-%20Aug%2021%20d65d6ed3db09427db8f7c113173346bc.csv),,
Bug: Disable deleting approved mission,Done,Caleb Early,"September 12, 2023",,,8 - Aug 7 - Aug 21 (Sprints%20d3ab014ae4024c96a1e8ffc2fb453e64/8%20-%20Aug%207%20-%20Aug%2021%20d65d6ed3db09427db8f7c113173346bc.csv),,
Error Messages (Toasts?),Done,Caleb Early,,,,8 - Aug 7 - Aug 21 (Sprints%20d3ab014ae4024c96a1e8ffc2fb453e64/8%20-%20Aug%207%20-%20Aug%2021%20d65d6ed3db09427db8f7c113173346bc.csv),,
Bug: “NaN Pending” when submit for first time in mission,Done,Caleb Early,"August 20, 2023",,,8 - Aug 7 - Aug 21 (Sprints%20d3ab014ae4024c96a1e8ffc2fb453e64/8%20-%20Aug%207%20-%20Aug%2021%20d65d6ed3db09427db8f7c113173346bc.csv),,
"After updating mission details don’t close the mission menu, instead reload",Done,Caleb Early,"August 20, 2023",,,8 - Aug 7 - Aug 21 (Sprints%20d3ab014ae4024c96a1e8ffc2fb453e64/8%20-%20Aug%207%20-%20Aug%2021%20d65d6ed3db09427db8f7c113173346bc.csv),,
Add/Create Mission Defaults,Done,Caleb Early,"August 20, 2023",,,8 - Aug 7 - Aug 21 (Sprints%20d3ab014ae4024c96a1e8ffc2fb453e64/8%20-%20Aug%207%20-%20Aug%2021%20d65d6ed3db09427db8f7c113173346bc.csv),,
Fix local time on view mission and create mission,Done,Caleb Early,"August 20, 2023",,,8 - Aug 7 - Aug 21 (Sprints%20d3ab014ae4024c96a1e8ffc2fb453e64/8%20-%20Aug%207%20-%20Aug%2021%20d65d6ed3db09427db8f7c113173346bc.csv),,
Clamp maxCompetionsPerUser,Done,Caleb Early,"August 20, 2023",,,8 - Aug 7 - Aug 21 (Sprints%20d3ab014ae4024c96a1e8ffc2fb453e64/8%20-%20Aug%207%20-%20Aug%2021%20d65d6ed3db09427db8f7c113173346bc.csv),,
Fix favorites popup only to show up first time,Done,Caleb Early,"August 20, 2023",,,8 - Aug 7 - Aug 21 (Sprints%20d3ab014ae4024c96a1e8ffc2fb453e64/8%20-%20Aug%207%20-%20Aug%2021%20d65d6ed3db09427db8f7c113173346bc.csv),,
Highlight where you are on the leaderboard,Done,Caleb Early,"August 20, 2023",,,8 - Aug 7 - Aug 21 (Sprints%20d3ab014ae4024c96a1e8ffc2fb453e64/8%20-%20Aug%207%20-%20Aug%2021%20d65d6ed3db09427db8f7c113173346bc.csv),,
Judge Invitation to support multiple missions,Done,Caleb Early,"August 20, 2023",,,8 - Aug 7 - Aug 21 (Sprints%20d3ab014ae4024c96a1e8ffc2fb453e64/8%20-%20Aug%207%20-%20Aug%2021%20d65d6ed3db09427db8f7c113173346bc.csv),,
Fix manage cohosts & manage contestants on small displays and mobile,Done,Caleb Early,"August 20, 2023",,,8 - Aug 7 - Aug 21 (Sprints%20d3ab014ae4024c96a1e8ffc2fb453e64/8%20-%20Aug%207%20-%20Aug%2021%20d65d6ed3db09427db8f7c113173346bc.csv),,
Judges menu needs some updating work,Done,Caleb Early,,,,8 - Aug 7 - Aug 21 (Sprints%20d3ab014ae4024c96a1e8ffc2fb453e64/8%20-%20Aug%207%20-%20Aug%2021%20d65d6ed3db09427db8f7c113173346bc.csv),,
Cohost invitations,Done,Caleb Early,"August 21, 2023",,,8 - Aug 7 - Aug 21 (Sprints%20d3ab014ae4024c96a1e8ffc2fb453e64/8%20-%20Aug%207%20-%20Aug%2021%20d65d6ed3db09427db8f7c113173346bc.csv),,
"Invite to participate doesn’t work, API says already invited but there is nothing in the array when retreiving",Done,Caleb Early,,,,8 - Aug 7 - Aug 21 (Sprints%20d3ab014ae4024c96a1e8ffc2fb453e64/8%20-%20Aug%207%20-%20Aug%2021%20d65d6ed3db09427db8f7c113173346bc.csv),,
Submission Failed,Done,Caleb Early,"August 21, 2023",,,8 - Aug 7 - Aug 21 (Sprints%20d3ab014ae4024c96a1e8ffc2fb453e64/8%20-%20Aug%207%20-%20Aug%2021%20d65d6ed3db09427db8f7c113173346bc.csv),,
Duplication when inviting to judge (inviting to mission 1 and mission 2 just makes it be two invites to mission 1),Done,Caleb Early,,,,8 - Aug 7 - Aug 21 (Sprints%20d3ab014ae4024c96a1e8ffc2fb453e64/8%20-%20Aug%207%20-%20Aug%2021%20d65d6ed3db09427db8f7c113173346bc.csv),,
Need to refresh data when clicking on missions,Archived,,,,,8 - Aug 7 - Aug 21 (Sprints%20d3ab014ae4024c96a1e8ffc2fb453e64/8%20-%20Aug%207%20-%20Aug%2021%20d65d6ed3db09427db8f7c113173346bc.csv),,
Bug: Error 502 when creating a new contest,Done,Caleb Early,"August 21, 2023",,,8 - Aug 7 - Aug 21 (Sprints%20d3ab014ae4024c96a1e8ffc2fb453e64/8%20-%20Aug%207%20-%20Aug%2021%20d65d6ed3db09427db8f7c113173346bc.csv),,
Bug: if user is judge but not host/cohost they can’t judge submissions,Done,Caleb Early,"August 21, 2023",,,8 - Aug 7 - Aug 21 (Sprints%20d3ab014ae4024c96a1e8ffc2fb453e64/8%20-%20Aug%207%20-%20Aug%2021%20d65d6ed3db09427db8f7c113173346bc.csv),,
Fixed judges who aren’t hosts to not see the invite/delete judges menu & host menu,Done,Caleb Early,"August 21, 2023",,,8 - Aug 7 - Aug 21 (Sprints%20d3ab014ae4024c96a1e8ffc2fb453e64/8%20-%20Aug%207%20-%20Aug%2021%20d65d6ed3db09427db8f7c113173346bc.csv),,
Clear invite judges input after add,Done,Caleb Early,,,,8 - Aug 7 - Aug 21 (Sprints%20d3ab014ae4024c96a1e8ffc2fb453e64/8%20-%20Aug%207%20-%20Aug%2021%20d65d6ed3db09427db8f7c113173346bc.csv),,
Fix after accepting judge invitation to change button to evaluate submissions instead of submit,Done,Caleb Early,"September 6, 2023",,,8 - Aug 7 - Aug 21 (Sprints%20d3ab014ae4024c96a1e8ffc2fb453e64/8%20-%20Aug%207%20-%20Aug%2021%20d65d6ed3db09427db8f7c113173346bc.csv),,
"Cohosts should not have access to Delete Contest, Edit Details, Transfer Ownership, or Manage Cohosts.",Done,Caleb Early,"September 6, 2023",,,8 - Aug 7 - Aug 21 (Sprints%20d3ab014ae4024c96a1e8ffc2fb453e64/8%20-%20Aug%207%20-%20Aug%2021%20d65d6ed3db09427db8f7c113173346bc.csv),,
Add button for cohost to leave a contest (as cohost),Done,Caleb Early,,,,8 - Aug 7 - Aug 21 (Sprints%20d3ab014ae4024c96a1e8ffc2fb453e64/8%20-%20Aug%207%20-%20Aug%2021%20d65d6ed3db09427db8f7c113173346bc.csv),,
Bug: delete judge deletes all judges,Done,Caleb Early,"August 21, 2023",,,8 - Aug 7 - Aug 21 (Sprints%20d3ab014ae4024c96a1e8ffc2fb453e64/8%20-%20Aug%207%20-%20Aug%2021%20d65d6ed3db09427db8f7c113173346bc.csv),,
Bug: deleting judge then mission view doesn’t update correctly with new data,Done,Caleb Early,"September 6, 2023",,,8 - Aug 7 - Aug 21 (Sprints%20d3ab014ae4024c96a1e8ffc2fb453e64/8%20-%20Aug%207%20-%20Aug%2021%20d65d6ed3db09427db8f7c113173346bc.csv),,
Fix profile page user img on safari,Done,Caleb Early,"August 22, 2023",,,9 - Aug 22 - Aug 28 (Sprints%20d3ab014ae4024c96a1e8ffc2fb453e64/9%20-%20Aug%2022%20-%20Aug%2028%20c6849d56d5f14625bd25711d5cd934d3.csv),,
Redo judges menu,Done,Caleb Early,"August 25, 2023",,,9 - Aug 22 - Aug 28 (Sprints%20d3ab014ae4024c96a1e8ffc2fb453e64/9%20-%20Aug%2022%20-%20Aug%2028%20c6849d56d5f14625bd25711d5cd934d3.csv),,
Notifications: Delete notifications when resolved,Done,Paul Bauer,"September 3, 2023",,,9 - Aug 22 - Aug 28 (Sprints%20d3ab014ae4024c96a1e8ffc2fb453e64/9%20-%20Aug%2022%20-%20Aug%2028%20c6849d56d5f14625bd25711d5cd934d3.csv),,Test that my implementation is working (Tasks%203cedf6b06b594c01bf3f3aa538d60459/Test%20that%20my%20implementation%20is%20working%20bfbcfc244df1472cbb8dee1d2f9a3ee7.csv)
Notifications: Fix console errors on menu toggle,Done,Paul Bauer,"August 25, 2023",,,9 - Aug 22 - Aug 28 (Sprints%20d3ab014ae4024c96a1e8ffc2fb453e64/9%20-%20Aug%2022%20-%20Aug%2028%20c6849d56d5f14625bd25711d5cd934d3.csv),,
Notifications: Make calls to closeNotiMenu() await a promise(?),Archived,Paul Bauer,,,,9 - Aug 22 - Aug 28 (Sprints%20d3ab014ae4024c96a1e8ffc2fb453e64/9%20-%20Aug%2022%20-%20Aug%2028%20c6849d56d5f14625bd25711d5cd934d3.csv),,
Auto format phone on signup page,Done,Eric,"August 24, 2023",,,9 - Aug 22 - Aug 28 (Sprints%20d3ab014ae4024c96a1e8ffc2fb453e64/9%20-%20Aug%2022%20-%20Aug%2028%20c6849d56d5f14625bd25711d5cd934d3.csv),,
Add .vscode folder to ensure live server extension works,Done,Caleb Early,"August 27, 2023",,,9 - Aug 22 - Aug 28 (Sprints%20d3ab014ae4024c96a1e8ffc2fb453e64/9%20-%20Aug%2022%20-%20Aug%2028%20c6849d56d5f14625bd25711d5cd934d3.csv),,
Add gavel to missions that you judge,Done,Caleb Early,"August 26, 2023",,,9 - Aug 22 - Aug 28 (Sprints%20d3ab014ae4024c96a1e8ffc2fb453e64/9%20-%20Aug%2022%20-%20Aug%2028%20c6849d56d5f14625bd25711d5cd934d3.csv),,
Cohost cannot leave contest as cohost,Done,Caleb Early,"August 26, 2023",,,9 - Aug 22 - Aug 28 (Sprints%20d3ab014ae4024c96a1e8ffc2fb453e64/9%20-%20Aug%2022%20-%20Aug%2028%20c6849d56d5f14625bd25711d5cd934d3.csv),,
Mobile nav menu: Remove if blank,Done,,,,,9 - Aug 22 - Aug 28 (Sprints%20d3ab014ae4024c96a1e8ffc2fb453e64/9%20-%20Aug%2022%20-%20Aug%2028%20c6849d56d5f14625bd25711d5cd934d3.csv),,
Remove unnecessary info from Results menu,Done,Caleb Early,"August 25, 2023",,,9 - Aug 22 - Aug 28 (Sprints%20d3ab014ae4024c96a1e8ffc2fb453e64/9%20-%20Aug%2022%20-%20Aug%2028%20c6849d56d5f14625bd25711d5cd934d3.csv),,
Bug: judges menu names too long overflow,Done,Caleb Early,"September 14, 2023",,,9 - Aug 22 - Aug 28 (Sprints%20d3ab014ae4024c96a1e8ffc2fb453e64/9%20-%20Aug%2022%20-%20Aug%2028%20c6849d56d5f14625bd25711d5cd934d3.csv),,
Remove cohost accept/reject confirmation popups,Done,Caleb Early,"August 29, 2023",,,9 - Aug 22 - Aug 28 (Sprints%20d3ab014ae4024c96a1e8ffc2fb453e64/9%20-%20Aug%2022%20-%20Aug%2028%20c6849d56d5f14625bd25711d5cd934d3.csv),,
Bug: prevent host from invited themselves as a cohost,Done,Caleb Early,"August 26, 2023",,,9 - Aug 22 - Aug 28 (Sprints%20d3ab014ae4024c96a1e8ffc2fb453e64/9%20-%20Aug%2022%20-%20Aug%2028%20c6849d56d5f14625bd25711d5cd934d3.csv),,
Bug: cohosts get treated as fullhosts,Done,Caleb Early,"August 26, 2023",,,9 - Aug 22 - Aug 28 (Sprints%20d3ab014ae4024c96a1e8ffc2fb453e64/9%20-%20Aug%2022%20-%20Aug%2028%20c6849d56d5f14625bd25711d5cd934d3.csv),,
Add mission badge for a mission that is competed (you reached you maximum amount of submissions),Done,Caleb Early,"August 29, 2023",,,9 - Aug 22 - Aug 28 (Sprints%20d3ab014ae4024c96a1e8ffc2fb453e64/9%20-%20Aug%2022%20-%20Aug%2028%20c6849d56d5f14625bd25711d5cd934d3.csv),,
Test that my implementation is working,Done,Paul Bauer,"August 25, 2023",,,9 - Aug 22 - Aug 28 (Sprints%20d3ab014ae4024c96a1e8ffc2fb453e64/9%20-%20Aug%2022%20-%20Aug%2028%20c6849d56d5f14625bd25711d5cd934d3.csv),Notifications: Delete notifications when resolved (Tasks%203cedf6b06b594c01bf3f3aa538d60459/Notifications%20Delete%20notifications%20when%20resolved%20ef74ae3a310747fc8459ae750a640469.csv),
Fix loading animation on safari,Done,Caleb Early,"August 29, 2023",,,10 - Aug 28 - Sep 11 (Sprints%20d3ab014ae4024c96a1e8ffc2fb453e64/10%20-%20Aug%2028%20-%20Sep%2011%202225ab0ab3ad411cac5c83fd25327a23.csv),,
Hide your info button when you aren’t in a contest,Done,Caleb Early,"August 29, 2023",,,10 - Aug 28 - Sep 11 (Sprints%20d3ab014ae4024c96a1e8ffc2fb453e64/10%20-%20Aug%2028%20-%20Sep%2011%202225ab0ab3ad411cac5c83fd25327a23.csv),,
Hide submit mission stuff if you aren’t in a contest,Done,Caleb Early,"August 29, 2023",,,10 - Aug 28 - Sep 11 (Sprints%20d3ab014ae4024c96a1e8ffc2fb453e64/10%20-%20Aug%2028%20-%20Sep%2011%202225ab0ab3ad411cac5c83fd25327a23.csv),,
canCreateContests check,Done,Caleb Early,"September 15, 2023",,,10 - Aug 28 - Sep 11 (Sprints%20d3ab014ae4024c96a1e8ffc2fb453e64/10%20-%20Aug%2028%20-%20Sep%2011%202225ab0ab3ad411cac5c83fd25327a23.csv),,
"Bug: clicking on mission, manage submissions, back, mission id doesn’t get erased from url",Done,Caleb Early,"August 29, 2023",,,10 - Aug 28 - Sep 11 (Sprints%20d3ab014ae4024c96a1e8ffc2fb453e64/10%20-%20Aug%2028%20-%20Sep%2011%202225ab0ab3ad411cac5c83fd25327a23.csv),,
Bug: fix max submissions used label after deleting a submission,Done,Caleb Early,"August 29, 2023",,,10 - Aug 28 - Sep 11 (Sprints%20d3ab014ae4024c96a1e8ffc2fb453e64/10%20-%20Aug%2028%20-%20Sep%2011%202225ab0ab3ad411cac5c83fd25327a23.csv),,
Bug: make text be rendered with prism,Archived,Caleb Early,,,,10 - Aug 28 - Sep 11 (Sprints%20d3ab014ae4024c96a1e8ffc2fb453e64/10%20-%20Aug%2028%20-%20Sep%2011%202225ab0ab3ad411cac5c83fd25327a23.csv),,
Bug: application/x-javascript thing,Done,Caleb Early,,,,10 - Aug 28 - Sep 11 (Sprints%20d3ab014ae4024c96a1e8ffc2fb453e64/10%20-%20Aug%2028%20-%20Sep%2011%202225ab0ab3ad411cac5c83fd25327a23.csv),,
Fix removing mission query string when closing evaluate submissions,Done,Caleb Early,"August 29, 2023",,,10 - Aug 28 - Sep 11 (Sprints%20d3ab014ae4024c96a1e8ffc2fb453e64/10%20-%20Aug%2028%20-%20Sep%2011%202225ab0ab3ad411cac5c83fd25327a23.csv),,
Add ability to go straight to evaluate submissions,Done,Caleb Early,"August 29, 2023",,,10 - Aug 28 - Sep 11 (Sprints%20d3ab014ae4024c96a1e8ffc2fb453e64/10%20-%20Aug%2028%20-%20Sep%2011%202225ab0ab3ad411cac5c83fd25327a23.csv),,
Bug: when files take longer to load in evaluate submissions - it’s glitchy when loading the accept/reject/ignore buttons,Archived,,,,,10 - Aug 28 - Sep 11 (Sprints%20d3ab014ae4024c96a1e8ffc2fb453e64/10%20-%20Aug%2028%20-%20Sep%2011%202225ab0ab3ad411cac5c83fd25327a23.csv),,
Bug: refresh page after accepting invitation to cohost,Done,Caleb Early,,,,10 - Aug 28 - Sep 11 (Sprints%20d3ab014ae4024c96a1e8ffc2fb453e64/10%20-%20Aug%2028%20-%20Sep%2011%202225ab0ab3ad411cac5c83fd25327a23.csv),,
Bug: remove selectable checkbox from current contestants in invite contestants menu,Done,Caleb Early,"September 12, 2023",,,10 - Aug 28 - Sep 11 (Sprints%20d3ab014ae4024c96a1e8ffc2fb453e64/10%20-%20Aug%2028%20-%20Sep%2011%202225ab0ab3ad411cac5c83fd25327a23.csv),,
Bug: fix inviting a cohost as judge to a mission will not show the accept box  and will act like they are currently a judge,Done,Caleb Early,"September 6, 2023",,,10 - Aug 28 - Sep 11 (Sprints%20d3ab014ae4024c96a1e8ffc2fb453e64/10%20-%20Aug%2028%20-%20Sep%2011%202225ab0ab3ad411cac5c83fd25327a23.csv),,
Bug: when switching tabs in judges menu get rid of the add button,Done,Caleb Early,"September 14, 2023",,,10 - Aug 28 - Sep 11 (Sprints%20d3ab014ae4024c96a1e8ffc2fb453e64/10%20-%20Aug%2028%20-%20Sep%2011%202225ab0ab3ad411cac5c83fd25327a23.csv),,
Leave as judge,Done,Caleb Early,"September 13, 2023",,,10 - Aug 28 - Sep 11 (Sprints%20d3ab014ae4024c96a1e8ffc2fb453e64/10%20-%20Aug%2028%20-%20Sep%2011%202225ab0ab3ad411cac5c83fd25327a23.csv),,
Bug: fix accepting judge invitation needs to refresh mission data to allow submit,Done,Caleb Early,"September 6, 2023",,,10 - Aug 28 - Sep 11 (Sprints%20d3ab014ae4024c96a1e8ffc2fb453e64/10%20-%20Aug%2028%20-%20Sep%2011%202225ab0ab3ad411cac5c83fd25327a23.csv),,
Bug: completed check on user list upload missions for non judges,Done,Caleb Early,"September 6, 2023",,,10 - Aug 28 - Sep 11 (Sprints%20d3ab014ae4024c96a1e8ffc2fb453e64/10%20-%20Aug%2028%20-%20Sep%2011%202225ab0ab3ad411cac5c83fd25327a23.csv),,
Bug: when removing yourself as a judge it doesn’t update the menu to reflect that,Done,Caleb Early,"September 6, 2023",,,10 - Aug 28 - Sep 11 (Sprints%20d3ab014ae4024c96a1e8ffc2fb453e64/10%20-%20Aug%2028%20-%20Sep%2011%202225ab0ab3ad411cac5c83fd25327a23.csv),,
Improvement: In user lists put a dashed border around yourself in the list for clarity,Done (Note),Caleb Early,"September 14, 2023",,,10 - Aug 28 - Sep 11 (Sprints%20d3ab014ae4024c96a1e8ffc2fb453e64/10%20-%20Aug%2028%20-%20Sep%2011%202225ab0ab3ad411cac5c83fd25327a23.csv),,
"Improvement: for hosts who are looking at lists of users, should add their emails under their names for users who have the same first and last name",Archived,,,,,10 - Aug 28 - Sep 11 (Sprints%20d3ab014ae4024c96a1e8ffc2fb453e64/10%20-%20Aug%2028%20-%20Sep%2011%202225ab0ab3ad411cac5c83fd25327a23.csv),,
Bug: need to fix selecting (blue) in judges menu,Done,Caleb Early,"September 12, 2023",,,10 - Aug 28 - Sep 11 (Sprints%20d3ab014ae4024c96a1e8ffc2fb453e64/10%20-%20Aug%2028%20-%20Sep%2011%202225ab0ab3ad411cac5c83fd25327a23.csv),,
invite contestants needs to show results after,Done,Caleb Early,"September 12, 2023",,,10 - Aug 28 - Sep 11 (Sprints%20d3ab014ae4024c96a1e8ffc2fb453e64/10%20-%20Aug%2028%20-%20Sep%2011%202225ab0ab3ad411cac5c83fd25327a23.csv),,
"Bug: when you aren’t in a contest but are a judge, you can’t evaluate missions",Done,Caleb Early,"September 10, 2023",,,10 - Aug 28 - Sep 11 (Sprints%20d3ab014ae4024c96a1e8ffc2fb453e64/10%20-%20Aug%2028%20-%20Sep%2011%202225ab0ab3ad411cac5c83fd25327a23.csv),,
Bug: can’t view submissions with userListUpload,Done,Caleb Early,"September 10, 2023",,,10 - Aug 28 - Sep 11 (Sprints%20d3ab014ae4024c96a1e8ffc2fb453e64/10%20-%20Aug%2028%20-%20Sep%2011%202225ab0ab3ad411cac5c83fd25327a23.csv),,
Need to add search query settings to getting list of submissions,Archived,,,,,10 - Aug 28 - Sep 11 (Sprints%20d3ab014ae4024c96a1e8ffc2fb453e64/10%20-%20Aug%2028%20-%20Sep%2011%202225ab0ab3ad411cac5c83fd25327a23.csv),,
Fix up viewing userListUpload submissions,Done,Caleb Early,"September 10, 2023",,,10 - Aug 28 - Sep 11 (Sprints%20d3ab014ae4024c96a1e8ffc2fb453e64/10%20-%20Aug%2028%20-%20Sep%2011%202225ab0ab3ad411cac5c83fd25327a23.csv),,
Fix disallowing deleting/editing userListUpload submissions,Done,Caleb Early,"September 12, 2023",,,10 - Aug 28 - Sep 11 (Sprints%20d3ab014ae4024c96a1e8ffc2fb453e64/10%20-%20Aug%2028%20-%20Sep%2011%202225ab0ab3ad411cac5c83fd25327a23.csv),,
"when contestant leaves contest, 404 page is displayed",Done,Caleb Early,"September 14, 2023",,,10 - Aug 28 - Sep 11 (Sprints%20d3ab014ae4024c96a1e8ffc2fb453e64/10%20-%20Aug%2028%20-%20Sep%2011%202225ab0ab3ad411cac5c83fd25327a23.csv),,
"Missions that are UserListUpload, display “You can only submit if you are a contestant”.  Can we change it to something like “User submissions not allowed”?",Done,Caleb Early,"September 17, 2023",,,10 - Aug 28 - Sep 11 (Sprints%20d3ab014ae4024c96a1e8ffc2fb453e64/10%20-%20Aug%2028%20-%20Sep%2011%202225ab0ab3ad411cac5c83fd25327a23.csv),,
"After a contestant rejects a judging invitation on the mission page, “400 Contest not found” noti is displayed and user is kept on mission page. When user presses X to close the mission, get 404 page.",Done,Caleb Early,"September 17, 2023",,,10 - Aug 28 - Sep 11 (Sprints%20d3ab014ae4024c96a1e8ffc2fb453e64/10%20-%20Aug%2028%20-%20Sep%2011%202225ab0ab3ad411cac5c83fd25327a23.csv),,
Viewing textUpload submissions to use pre-wrap to support new line chars,Done,Caleb Early,"September 17, 2023",,,10 - Aug 28 - Sep 11 (Sprints%20d3ab014ae4024c96a1e8ffc2fb453e64/10%20-%20Aug%2028%20-%20Sep%2011%202225ab0ab3ad411cac5c83fd25327a23.csv),,
Fix manage cohosts menu to show results menu after submitting,Done,Caleb Early,"September 11, 2023",,,11 - Sep 11 - Sep 18 (Sprints%20d3ab014ae4024c96a1e8ffc2fb453e64/11%20-%20Sep%2011%20-%20Sep%2018%20e8a63696cdb74231acf3a81a189e5fbc.csv),,
Bug: need to refresh contest after accepting cohost invitation,Done,Caleb Early,"September 11, 2023",,,11 - Sep 11 - Sep 18 (Sprints%20d3ab014ae4024c96a1e8ffc2fb453e64/11%20-%20Sep%2011%20-%20Sep%2018%20e8a63696cdb74231acf3a81a189e5fbc.csv),,
Need to integrate updating in cohosts menu,Archived,Caleb Early,,,,11 - Sep 11 - Sep 18 (Sprints%20d3ab014ae4024c96a1e8ffc2fb453e64/11%20-%20Sep%2011%20-%20Sep%2018%20e8a63696cdb74231acf3a81a189e5fbc.csv),,
Notifications: Arrange with newest noti on top,Done,Paul Bauer,"September 14, 2023",,,11 - Sep 11 - Sep 18 (Sprints%20d3ab014ae4024c96a1e8ffc2fb453e64/11%20-%20Sep%2011%20-%20Sep%2018%20e8a63696cdb74231acf3a81a189e5fbc.csv),,
Notifications: Change read status behavior,Done,Paul Bauer,"September 16, 2023",,,11 - Sep 11 - Sep 18 (Sprints%20d3ab014ae4024c96a1e8ffc2fb453e64/11%20-%20Sep%2011%20-%20Sep%2018%20e8a63696cdb74231acf3a81a189e5fbc.csv),,
Contests/Search: “Ongoing” button unchecked by default,Done,Caleb Early,"September 12, 2023",,,11 - Sep 11 - Sep 18 (Sprints%20d3ab014ae4024c96a1e8ffc2fb453e64/11%20-%20Sep%2011%20-%20Sep%2018%20e8a63696cdb74231acf3a81a189e5fbc.csv),,
Privacy: All dev contests private,Done,Eric,,,,11 - Sep 11 - Sep 18 (Sprints%20d3ab014ae4024c96a1e8ffc2fb453e64/11%20-%20Sep%2011%20-%20Sep%2018%20e8a63696cdb74231acf3a81a189e5fbc.csv),,
"Home page: Fix formatting on mobile, “do whatever you want”",Done,Paul Bauer,,,,11 - Sep 11 - Sep 18 (Sprints%20d3ab014ae4024c96a1e8ffc2fb453e64/11%20-%20Sep%2011%20-%20Sep%2018%20e8a63696cdb74231acf3a81a189e5fbc.csv),,
Validation method: None,Done,Caleb Early,,,,11 - Sep 11 - Sep 18 (Sprints%20d3ab014ae4024c96a1e8ffc2fb453e64/11%20-%20Sep%2011%20-%20Sep%2018%20e8a63696cdb74231acf3a81a189e5fbc.csv),,
Search bar functionality in Transfer Ownership Menu,Done,Caleb Early,"September 12, 2023",,,11 - Sep 11 - Sep 18 (Sprints%20d3ab014ae4024c96a1e8ffc2fb453e64/11%20-%20Sep%2011%20-%20Sep%2018%20e8a63696cdb74231acf3a81a189e5fbc.csv),,
Disable search missions tab for launch,Done,Caleb Early,"September 12, 2023",,,11 - Sep 11 - Sep 18 (Sprints%20d3ab014ae4024c96a1e8ffc2fb453e64/11%20-%20Sep%2011%20-%20Sep%2018%20e8a63696cdb74231acf3a81a189e5fbc.csv),,
Help info bubbles,Archived,Caleb Early,,,,11 - Sep 11 - Sep 18 (Sprints%20d3ab014ae4024c96a1e8ffc2fb453e64/11%20-%20Sep%2011%20-%20Sep%2018%20e8a63696cdb74231acf3a81a189e5fbc.csv),,
Add dashed border to which is you in Judges list,Done (Note),Caleb Early,"September 14, 2023",,,11 - Sep 11 - Sep 18 (Sprints%20d3ab014ae4024c96a1e8ffc2fb453e64/11%20-%20Sep%2011%20-%20Sep%2018%20e8a63696cdb74231acf3a81a189e5fbc.csv),,
Add auto accept to when you try to add yourself as a judge,Done,Caleb Early,"September 15, 2023",,,11 - Sep 11 - Sep 18 (Sprints%20d3ab014ae4024c96a1e8ffc2fb453e64/11%20-%20Sep%2011%20-%20Sep%2018%20e8a63696cdb74231acf3a81a189e5fbc.csv),,
Bug: you can submit if you are the host of a contest but not a judge,Done,Caleb Early,"September 12, 2023",,,11 - Sep 11 - Sep 18 (Sprints%20d3ab014ae4024c96a1e8ffc2fb453e64/11%20-%20Sep%2011%20-%20Sep%2018%20e8a63696cdb74231acf3a81a189e5fbc.csv),,
Bug: fix your submissions menu so that you can’t try to edit or delete approved submissions or UserListUpload submissions,Done,Caleb Early,"September 12, 2023",,,11 - Sep 11 - Sep 18 (Sprints%20d3ab014ae4024c96a1e8ffc2fb453e64/11%20-%20Sep%2011%20-%20Sep%2018%20e8a63696cdb74231acf3a81a189e5fbc.csv),,
Allow use of links in mission desc,Done,Caleb Early,"September 16, 2023",,,11 - Sep 11 - Sep 18 (Sprints%20d3ab014ae4024c96a1e8ffc2fb453e64/11%20-%20Sep%2011%20-%20Sep%2018%20e8a63696cdb74231acf3a81a189e5fbc.csv),,
Bug: when creating popup/menu and then creating another one while the other is open it will forget the last scroll position after closing them,Done,Caleb Early,"September 14, 2023",,,11 - Sep 11 - Sep 18 (Sprints%20d3ab014ae4024c96a1e8ffc2fb453e64/11%20-%20Sep%2011%20-%20Sep%2018%20e8a63696cdb74231acf3a81a189e5fbc.csv),,
Bug: need to hide goToTop button when viewing mission,Done,Caleb Early,"September 14, 2023",,,11 - Sep 11 - Sep 18 (Sprints%20d3ab014ae4024c96a1e8ffc2fb453e64/11%20-%20Sep%2011%20-%20Sep%2018%20e8a63696cdb74231acf3a81a189e5fbc.csv),,
Add red indication bubble onto missions that have judge invites from view contest page,Done,Caleb Early,"September 14, 2023",,,11 - Sep 11 - Sep 18 (Sprints%20d3ab014ae4024c96a1e8ffc2fb453e64/11%20-%20Sep%2011%20-%20Sep%2018%20e8a63696cdb74231acf3a81a189e5fbc.csv),,
Fix some view contest media queries,Done,Caleb Early,"September 14, 2023",,,11 - Sep 11 - Sep 18 (Sprints%20d3ab014ae4024c96a1e8ffc2fb453e64/11%20-%20Sep%2011%20-%20Sep%2018%20e8a63696cdb74231acf3a81a189e5fbc.csv),,
Fix grid list in tablet view,Done,Caleb Early,"September 14, 2023",,,11 - Sep 11 - Sep 18 (Sprints%20d3ab014ae4024c96a1e8ffc2fb453e64/11%20-%20Sep%2011%20-%20Sep%2018%20e8a63696cdb74231acf3a81a189e5fbc.csv),,
Disable create contest button if number of contests hosted is equal to user.maxContestsCanHost,Done,Caleb Early,"September 15, 2023",,,11 - Sep 11 - Sep 18 (Sprints%20d3ab014ae4024c96a1e8ffc2fb453e64/11%20-%20Sep%2011%20-%20Sep%2018%20e8a63696cdb74231acf3a81a189e5fbc.csv),,
Bug: open multiple delete mission popups,Done,Caleb Early,"September 15, 2023",,,11 - Sep 11 - Sep 18 (Sprints%20d3ab014ae4024c96a1e8ffc2fb453e64/11%20-%20Sep%2011%20-%20Sep%2018%20e8a63696cdb74231acf3a81a189e5fbc.csv),,
Fix accent-primary to work across themes,Done,Caleb Early,"September 15, 2023",,,11 - Sep 11 - Sep 18 (Sprints%20d3ab014ae4024c96a1e8ffc2fb453e64/11%20-%20Sep%2011%20-%20Sep%2018%20e8a63696cdb74231acf3a81a189e5fbc.csv),,
Fix go to top button on safari,Done,Caleb Early,"September 15, 2023",,,11 - Sep 11 - Sep 18 (Sprints%20d3ab014ae4024c96a1e8ffc2fb453e64/11%20-%20Sep%2011%20-%20Sep%2018%20e8a63696cdb74231acf3a81a189e5fbc.csv),,
Evaluate Join Requests Menu xD,Done,Caleb Early,"September 16, 2023",,,11 - Sep 11 - Sep 18 (Sprints%20d3ab014ae4024c96a1e8ffc2fb453e64/11%20-%20Sep%2011%20-%20Sep%2018%20e8a63696cdb74231acf3a81a189e5fbc.csv),,
Bug: joining or request joining contest takes you to search contests page,Done,Caleb Early,"September 16, 2023",,,11 - Sep 11 - Sep 18 (Sprints%20d3ab014ae4024c96a1e8ffc2fb453e64/11%20-%20Sep%2011%20-%20Sep%2018%20e8a63696cdb74231acf3a81a189e5fbc.csv),,
Add sort by contestant amt,Done,Caleb Early,"September 17, 2023",,,11 - Sep 11 - Sep 18 (Sprints%20d3ab014ae4024c96a1e8ffc2fb453e64/11%20-%20Sep%2011%20-%20Sep%2018%20e8a63696cdb74231acf3a81a189e5fbc.csv),,
Default sort contests by contestant amt,Done,Caleb Early,"September 17, 2023",,,11 - Sep 11 - Sep 18 (Sprints%20d3ab014ae4024c96a1e8ffc2fb453e64/11%20-%20Sep%2011%20-%20Sep%2018%20e8a63696cdb74231acf3a81a189e5fbc.csv),,
Fix up leave contest popup,Done,Caleb Early,"September 16, 2023",,,11 - Sep 11 - Sep 18 (Sprints%20d3ab014ae4024c96a1e8ffc2fb453e64/11%20-%20Sep%2011%20-%20Sep%2018%20e8a63696cdb74231acf3a81a189e5fbc.csv),,
Fix order button in the wrong direction,Done,Caleb Early,"September 17, 2023",,,11 - Sep 11 - Sep 18 (Sprints%20d3ab014ae4024c96a1e8ffc2fb453e64/11%20-%20Sep%2011%20-%20Sep%2018%20e8a63696cdb74231acf3a81a189e5fbc.csv),,
Prevent submitting when not within time window,Done,Caleb Early,"September 17, 2023",,,11 - Sep 11 - Sep 18 (Sprints%20d3ab014ae4024c96a1e8ffc2fb453e64/11%20-%20Sep%2011%20-%20Sep%2018%20e8a63696cdb74231acf3a81a189e5fbc.csv),,
Bug: when editing mission details it changes to TextUpload,Done,Caleb Early,"September 17, 2023",,,11 - Sep 11 - Sep 18 (Sprints%20d3ab014ae4024c96a1e8ffc2fb453e64/11%20-%20Sep%2011%20-%20Sep%2018%20e8a63696cdb74231acf3a81a189e5fbc.csv),,
Bug: you can request to join private contest,Done,Caleb Early,"September 17, 2023",,,11 - Sep 11 - Sep 18 (Sprints%20d3ab014ae4024c96a1e8ffc2fb453e64/11%20-%20Sep%2011%20-%20Sep%2018%20e8a63696cdb74231acf3a81a189e5fbc.csv),,
Bug: you can try to join a contest that you are judging within,Done,Caleb Early,"September 17, 2023",,,11 - Sep 11 - Sep 18 (Sprints%20d3ab014ae4024c96a1e8ffc2fb453e64/11%20-%20Sep%2011%20-%20Sep%2018%20e8a63696cdb74231acf3a81a189e5fbc.csv),,
We may want to display the validation method somewhere in the mission modal so hosts can see what it currently set as.,Done (Note),Caleb Early,"September 17, 2023",,,11 - Sep 11 - Sep 18 (Sprints%20d3ab014ae4024c96a1e8ffc2fb453e64/11%20-%20Sep%2011%20-%20Sep%2018%20e8a63696cdb74231acf3a81a189e5fbc.csv),,
Badge Labels,Done,Caleb Early,"September 17, 2023",,,11 - Sep 11 - Sep 18 (Sprints%20d3ab014ae4024c96a1e8ffc2fb453e64/11%20-%20Sep%2011%20-%20Sep%2018%20e8a63696cdb74231acf3a81a189e5fbc.csv),,
ValidationMethod Badges,Done,Caleb Early,"September 17, 2023",,,11 - Sep 11 - Sep 18 (Sprints%20d3ab014ae4024c96a1e8ffc2fb453e64/11%20-%20Sep%2011%20-%20Sep%2018%20e8a63696cdb74231acf3a81a189e5fbc.csv),,
Make Mint Slate default dark theme,Done,Caleb Early,"September 17, 2023",,,11 - Sep 11 - Sep 18 (Sprints%20d3ab014ae4024c96a1e8ffc2fb453e64/11%20-%20Sep%2011%20-%20Sep%2018%20e8a63696cdb74231acf3a81a189e5fbc.csv),,
Show most recent created missions first?,Archived,Caleb Early,,,,11 - Sep 11 - Sep 18 (Sprints%20d3ab014ae4024c96a1e8ffc2fb453e64/11%20-%20Sep%2011%20-%20Sep%2018%20e8a63696cdb74231acf3a81a189e5fbc.csv),,
“This contest has ended” header on schedule card,Archived,Caleb Early,,,,11 - Sep 11 - Sep 18 (Sprints%20d3ab014ae4024c96a1e8ffc2fb453e64/11%20-%20Sep%2011%20-%20Sep%2018%20e8a63696cdb74231acf3a81a189e5fbc.csv),,
Bug: remove evaluate join requests from private contest,Done,Caleb Early,"September 17, 2023",,,11 - Sep 11 - Sep 18 (Sprints%20d3ab014ae4024c96a1e8ffc2fb453e64/11%20-%20Sep%2011%20-%20Sep%2018%20e8a63696cdb74231acf3a81a189e5fbc.csv),,
Bug: fix not iterable error in showResults,Done,Caleb Early,,,,11 - Sep 11 - Sep 18 (Sprints%20d3ab014ae4024c96a1e8ffc2fb453e64/11%20-%20Sep%2011%20-%20Sep%2018%20e8a63696cdb74231acf3a81a189e5fbc.csv),,
Disable edit submission when not within submission window,Archived,,,,,11 - Sep 11 - Sep 18 (Sprints%20d3ab014ae4024c96a1e8ffc2fb453e64/11%20-%20Sep%2011%20-%20Sep%2018%20e8a63696cdb74231acf3a81a189e5fbc.csv),,
Bug: images overflow in viewing submissions,Done,Caleb Early,"September 17, 2023",,,11 - Sep 11 - Sep 18 (Sprints%20d3ab014ae4024c96a1e8ffc2fb453e64/11%20-%20Sep%2011%20-%20Sep%2018%20e8a63696cdb74231acf3a81a189e5fbc.csv),,
Show more button on view contest page for contest desc and prize,Done,Caleb Early,"September 19, 2023",,,11 - Sep 11 - Sep 18 (Sprints%20d3ab014ae4024c96a1e8ffc2fb453e64/11%20-%20Sep%2011%20-%20Sep%2018%20e8a63696cdb74231acf3a81a189e5fbc.csv),,